N,K,D,noise_level,theta_level,seed,K_est,Var_exp_views,Var_exp_total,Cor_factors,model,tres,Jaccard_index,Cor_weights
100,5,"[400, 400, 400]",0.2,0.2,1,4,0.5344744684820008,0.515167806331251,0.7633003300330032,model_cling_ablation2a,,0.6082366719105348,0.5329416278007058
100,5,"[400, 400, 400]",0.2,0.2,0,4,0.6254901259807216,0.6532280243642912,0.7677047704770477,model_cling_ablation2a,,0.5525947753631972,0.5458436994766044
100,5,"[400, 400, 400]",0.2,0.2,3,4,0.3963658061667677,0.3019297156665508,0.7513399339933994,model_cling_ablation2a,,0.5999255589279434,0.5504614894579871
100,5,"[400, 400, 400]",0.2,0.2,2,4,0.664731413498988,0.6257948545768046,0.8074191419141913,model_cling_ablation2a,,0.7408100866106061,0.5853790027709332
100,5,"[400, 400, 400]",0.2,0.2,4,4,0.4506944556317631,0.21307343991146388,0.7455457545754576,model_cling_ablation2a,,0.5385267248606891,0.5313313678905768
100,5,"[400, 400, 400]",0.2,0.2,6,4,0.34645049132673994,0.29678513804601536,0.7743630363036302,model_cling_ablation2a,,0.5520791144085048,0.5397801083150715
100,5,"[400, 400, 400]",0.2,0.2,7,4,0.6691937836915732,0.6649395005753678,0.7005820582058204,model_cling_ablation2a,,0.46887442544429964,0.5130147060067433
100,5,"[400, 400, 400]",0.2,0.2,5,5,0.6110128030892185,0.09356589085877676,0.9684632463246323,model_cling_ablation2a,,0.7951499519686158,0.6382265371498363
100,5,"[400, 400, 400]",0.2,0.2,8,4,0.6707388230757219,0.6538431359766338,0.8299645964596458,model_cling_ablation2a,,0.6960068309626541,0.581382698875932
100,5,"[400, 400, 400]",0.2,0.2,9,4,0.5008417271242419,0.45381196339997065,0.7138577857785778,model_cling_ablation2a,,0.40614937821665975,0.5117920292951622
100,5,"[400, 400, 400]",0.2,0.2,10,4,0.47388988510097746,0.42788662386110266,0.7358991899189918,model_cling_ablation2a,,0.5298923098631484,0.47669486139484923
100,5,"[400, 400, 400]",0.2,0.2,11,4,0.6036209680915828,0.4970639333392243,0.745144914491449,model_cling_ablation2a,,0.5489851412238788,0.548082715909994
100,5,"[400, 400, 400]",0.2,0.2,12,4,0.6598445842385697,0.6537064083384521,0.8084104410441043,model_cling_ablation2a,,0.7173052713960076,0.5713127695562338
100,5,"[400, 400, 400]",0.2,0.2,13,4,0.5371805798458851,0.545574347621439,0.6951983198319832,model_cling_ablation2a,,0.5123042860291719,0.5120771726164476
100,5,"[400, 400, 400]",0.2,0.2,14,4,0.4737244786697061,0.4521397202955161,0.8065214521452144,model_cling_ablation2a,,0.6323095024803908,0.5523131849205382
100,5,"[400, 400, 400]",0.2,0.2,15,4,0.7836851379824309,0.7964846462782332,0.8147230723072306,model_cling_ablation2a,,0.6414870163193521,0.5826835453951654
100,5,"[400, 400, 400]",0.2,0.2,16,4,0.608670714764083,0.5884203383797537,0.802112211221122,model_cling_ablation2a,,0.64507389922659,0.5627068280136426
100,5,"[400, 400, 400]",0.2,0.2,17,4,0.6313029573695038,0.6109672635127936,0.8392823282328232,model_cling_ablation2a,,0.7137528873695196,0.5965589119913131
100,5,"[400, 400, 400]",0.2,0.2,18,4,0.4653174187433273,0.47197082232620846,0.7911719171917191,model_cling_ablation2a,,0.5764289274006283,0.5554015023518573
100,5,"[400, 400, 400]",0.2,0.2,19,4,0.376592303227689,0.09076261263940666,0.7227626762676267,model_cling_ablation2a,,0.4536011795496358,0.5212666676556975
100,1,"[400, 400, 400]",0.2,0.2,0,1,0.4251131128745506,0.3412728248572625,0.9996519651965194,model_cling_ablation2a,,0.9674796747967479,0.7109558307069536
100,1,"[400, 400, 400]",0.2,0.2,1,1,0.6290788977859036,0.7097769570373325,0.9998919891989198,model_cling_ablation2a,,0.983739837398374,0.6842027820047262
100,1,"[400, 400, 400]",0.2,0.2,2,1,0.43567199995779143,0.3355772705897452,0.9998559855985597,model_cling_ablation2a,,0.9519938056523422,0.6814234751981815
100,1,"[400, 400, 400]",0.2,0.2,3,1,0.5401307560774905,0.5526109494645635,0.9999159915991598,model_cling_ablation2a,,0.9357336430507162,0.6934297525876648
100,1,"[400, 400, 400]",0.2,0.2,4,1,0.4673902640413168,0.08083285776501381,0.9997719771977197,model_cling_ablation2a,,0.9357336430507162,0.6846640018362762
100,1,"[400, 400, 400]",0.2,0.2,5,1,0.38452326568472145,0.018888660813609737,0.9997959795979596,model_cling_ablation2a,,0.9202477739063104,0.6828755206045841
100,1,"[400, 400, 400]",0.2,0.2,6,1,0.4655505013103687,0.024311883912612964,0.9998199819981998,model_cling_ablation2a,,0.9512195121951219,0.6974341234500208
100,1,"[400, 400, 400]",0.2,0.2,7,1,0.6091585670175864,0.6055898970279062,0.9999519951995199,model_cling_ablation2a,,0.9512195121951219,0.654886073558255
100,1,"[400, 400, 400]",0.2,0.2,8,1,0.7008091848652572,0.782271705971793,0.9997959795979596,model_cling_ablation2a,,0.983739837398374,0.6638533748393507
100,1,"[400, 400, 400]",0.2,0.2,9,1,0.6602540713369525,0.6562050113391884,0.9998679867986798,model_cling_ablation2a,,0.9519938056523422,0.6644102341299406
100,1,"[400, 400, 400]",0.2,0.2,10,1,0.5595769856712517,0.5810013319278462,0.9997599759975996,model_cling_ablation2a,,1.0,0.6852679971713878
100,1,"[400, 400, 400]",0.2,0.2,11,1,0.6601753671816205,0.7192701122626907,0.9998799879987997,model_cling_ablation2a,,0.983739837398374,0.6852963551520134
100,1,"[400, 400, 400]",0.2,0.2,13,1,0.41358119634036444,0.3771798618558101,0.9997959795979596,model_cling_ablation2a,,0.9372282094913972,0.6859536058832106
100,1,"[400, 400, 400]",0.2,0.2,12,1,0.5192724582230998,0.5267279781633377,0.9998199819981998,model_cling_ablation2a,,0.9357336430507162,0.6526911704410064
100,1,"[400, 400, 400]",0.2,0.2,14,1,0.7252062947457195,0.7958126256839622,0.9998679867986798,model_cling_ablation2a,,0.9519938056523422,0.6988768866994347
100,1,"[400, 400, 400]",0.2,0.2,15,1,0.6948338919473237,0.7071788769014742,0.9997239723972396,model_cling_ablation2a,,0.9519938056523422,0.676661576784891
100,1,"[400, 400, 400]",0.2,0.2,17,1,0.44798416194208796,0.4318917884935858,0.9996999699969996,model_cling_ablation2a,,0.9512195121951219,0.6645208567233182
100,1,"[400, 400, 400]",0.2,0.2,18,1,0.622881461603549,0.5439157923352083,0.9998559855985597,model_cling_ablation2a,,0.9674796747967479,0.660331899795258
100,1,"[400, 400, 400]",0.2,0.2,16,1,0.4612133489304335,0.4182963126972734,0.9997959795979596,model_cling_ablation2a,,0.9519938056523422,0.6553222210078595
100,1,"[400, 400, 400]",0.2,0.2,19,1,0.360534993490671,0.3394910985637013,0.9997719771977197,model_cling_ablation2a,,0.9519938056523422,0.677930762861575
100,7,"[400, 400, 400]",0.2,0.2,0,4,0.3639239008132307,0.20045116644379224,0.48737730915948724,model_cling_ablation2a,,0.2402522209646277,0.40392503734343244
100,7,"[400, 400, 400]",0.2,0.2,2,4,0.35106304686403816,0.3389140097007348,0.6145197376880545,model_cling_ablation2a,,0.42577525900566937,0.47909217589661396
100,7,"[400, 400, 400]",0.2,0.2,1,4,0.34460870222887285,0.30684842326450823,0.5636963696369637,model_cling_ablation2a,,0.36560298096204796,0.4409340488158448
100,7,"[400, 400, 400]",0.2,0.2,3,4,0.25525279126750283,0.24762567796666446,0.6418276113325618,model_cling_ablation2a,,0.4880445547934646,0.4713287191852469
100,7,"[400, 400, 400]",0.2,0.2,4,4,0.5027367516502482,0.4814992201348498,0.629205777720629,model_cling_ablation2a,,0.46645238662975264,0.48805132894538406
100,7,"[400, 400, 400]",0.2,0.2,7,3,0.35651465204698035,0.35081275680321633,0.4819167631048819,model_cling_ablation2a,,0.37372882425926546,0.3889179255140536
100,7,"[400, 400, 400]",0.2,0.2,6,4,0.25840759819149856,0.2350584971989056,0.6309322360807509,model_cling_ablation2a,,0.5134800034957034,0.4936697384308382
100,7,"[400, 400, 400]",0.2,0.2,5,5,0.2467925943233731,0.10619463847790267,0.6634503450345033,model_cling_ablation2a,,0.4153311834704189,0.43854490744520824
100,7,"[400, 400, 400]",0.2,0.2,8,4,0.2266325069868835,0.2255714046687325,0.6283296901118682,model_cling_ablation2a,,0.46451584987776845,0.4930206899439709
100,7,"[400, 400, 400]",0.2,0.2,9,4,0.4489207301920303,0.4400800656863111,0.5825622562256225,model_cling_ablation2a,,0.35673840102838017,0.37450412262031574
100,7,"[400, 400, 400]",0.2,0.2,11,3,0.4851978406019753,0.4880542681511969,0.4981783892674981,model_cling_ablation2a,,0.3270041138178891,0.416118195155651
100,7,"[400, 400, 400]",0.2,0.2,10,4,0.42735374782647034,0.3731644585268755,0.6028271398568429,model_cling_ablation2a,,0.4757433839145555,0.468244446733822
100,7,"[400, 400, 400]",0.2,0.2,12,4,0.3960504417072002,0.3846044279438935,0.5914774334576315,model_cling_ablation2a,,0.39419802000689785,0.43269013398703604
100,7,"[400, 400, 400]",0.2,0.2,13,4,0.3453196861822711,0.3444954016424244,0.6011846898975611,model_cling_ablation2a,,0.43215509593923457,0.4557397438268431
100,7,"[400, 400, 400]",0.2,0.2,14,4,0.4865712618965765,0.44188537473670375,0.6069572671552869,model_cling_ablation2a,,0.42832195207333357,0.46282847581380376
100,7,"[400, 400, 400]",0.2,0.2,15,4,0.43953435084148973,0.4111386755981099,0.6307933650507909,model_cling_ablation2a,,0.4693142644221923,0.45752858817551745
100,7,"[400, 400, 400]",0.2,0.2,16,4,0.3732789193276937,0.368462546272206,0.599000471475719,model_cling_ablation2a,,0.45306641714398393,0.42616577184707505
100,7,"[400, 400, 400]",0.2,0.2,19,3,0.395293652419251,0.39305174832465584,0.479069049762119,model_cling_ablation2a,,0.3059322323717738,0.38350090299171635
100,7,"[400, 400, 400]",0.2,0.2,18,4,0.3512654439859391,0.25681645815780585,0.5034177703484634,model_cling_ablation2a,,0.3108944304455539,0.3834055851073269
100,7,"[400, 400, 400]",0.2,0.2,17,4,0.45118024786464805,0.44221081736584866,0.5822690840512621,model_cling_ablation2a,,0.4296686231371096,0.4468994556941948
100,10,"[400, 400, 400]",0.2,0.2,1,3,0.35036629736507435,0.3375563698420936,0.3962472247224722,model_cling_ablation2a,,0.2645510729113163,0.3478421602456878
100,10,"[400, 400, 400]",0.2,0.2,0,3,0.26230089927545985,0.2609087687561008,0.3812985298529853,model_cling_ablation2a,,0.24286105775542835,0.32380134209212197
100,10,"[400, 400, 400]",0.2,0.2,2,3,0.30966176466073836,0.29274054543772465,0.3904386438643864,model_cling_ablation2a,,0.2896864851358224,0.33668746145852885
100,10,"[400, 400, 400]",0.2,0.2,3,4,0.10876680699194592,0.08087226448351503,0.491011101110111,model_cling_ablation2a,,0.2773346589304726,0.37026519438661637
100,10,"[400, 400, 400]",0.2,0.2,4,3,0.20292750122451622,0.19427439989587525,0.39735493549354933,model_cling_ablation2a,,0.2731184368380504,0.3392021921063761
100,10,"[400, 400, 400]",0.2,0.2,6,4,0.23683423269325118,0.14685401629193195,0.4532601260126012,model_cling_ablation2a,,0.3155542094349679,0.36988805760960924
100,10,"[400, 400, 400]",0.2,0.2,7,3,0.3187356485297148,0.33083195629855444,0.35718931893189315,model_cling_ablation2a,,0.20107027423858018,0.3160746269217855
100,10,"[400, 400, 400]",0.2,0.2,5,5,0.3396642156690722,0.08566639683544308,0.5118799879987999,model_cling_ablation2a,,0.35281877612437945,0.3758949286171285
100,10,"[400, 400, 400]",0.2,0.2,8,3,0.23465337739183348,0.23881048855563636,0.3127428742874287,model_cling_ablation2a,,0.15273885720422362,0.2753329227415985
100,10,"[400, 400, 400]",0.2,0.2,9,4,0.36715551061787494,0.3659786474009229,0.4403108310831083,model_cling_ablation2a,,0.25282669141202857,0.32802948534026066
100,10,"[400, 400, 400]",0.2,0.2,10,3,0.17145220199411262,0.16660661629634643,0.3849108910891089,model_cling_ablation2a,,0.2720957193481376,0.3322317391274566
100,10,"[400, 400, 400]",0.2,0.2,11,3,0.2629358300208799,0.21970158919573357,0.40330033003300325,model_cling_ablation2a,,0.2303791812214075,0.3159556459106312
100,10,"[400, 400, 400]",0.2,0.2,12,3,0.24916791143957828,0.2506052818869655,0.3647188718871887,model_cling_ablation2a,,0.19725824877517878,0.274534892886351
100,10,"[400, 400, 400]",0.2,0.2,13,3,0.31016962367604456,0.30413246881109157,0.353081308130813,model_cling_ablation2a,,0.25789890392540016,0.3042010862260924
100,10,"[400, 400, 400]",0.2,0.2,15,3,0.18787624939707873,0.1849526216774523,0.37675607560756064,model_cling_ablation2a,,0.19049978510239537,0.2946840478826322
100,10,"[400, 400, 400]",0.2,0.2,14,4,0.3009344027201908,0.20243216385153773,0.44106330633063306,model_cling_ablation2a,,0.2449208200630886,0.34368335700680497
100,10,"[400, 400, 400]",0.2,0.2,16,3,0.218500544983496,0.18840054693981667,0.361062106210621,model_cling_ablation2a,,0.19534750259582662,0.2947635327821683
100,10,"[400, 400, 400]",0.2,0.2,19,3,0.19727218615061456,0.17221882596998395,0.3624674467446744,model_cling_ablation2a,,0.23065735646995333,0.31447891426690683
100,10,"[400, 400, 400]",0.2,0.2,17,3,0.31672341774025814,0.3021165014930284,0.4005028502850285,model_cling_ablation2a,,0.24109567511743873,0.32963007582105575
100,10,"[400, 400, 400]",0.2,0.2,18,4,0.29858398924569146,0.2879626207706376,0.45620882088208814,model_cling_ablation2a,,0.27898111031496475,0.37937530838075995
100,15,"[400, 400, 400]",0.2,0.2,0,3,0.1274605727784935,0.12397303682699978,0.2862878287828783,model_cling_ablation2a,,0.16280574716167098,0.24554627472184865
100,15,"[400, 400, 400]",0.2,0.2,1,3,0.16830936768558266,0.16015428174412216,0.3172933293329333,model_cling_ablation2a,,0.18235766437112938,0.2619744458080768
100,15,"[400, 400, 400]",0.2,0.2,2,4,0.2513707504607895,0.08395983855409461,0.3213857385738573,model_cling_ablation2a,,0.1426783218716116,0.25676063353760364
100,15,"[400, 400, 400]",0.2,0.2,3,3,0.153639541341321,0.15362479295066134,0.30726112611261125,model_cling_ablation2a,,0.18894514515267946,0.26301575744099115
100,15,"[400, 400, 400]",0.2,0.2,4,3,0.17656516317070584,0.17848713985581277,0.3174421442144214,model_cling_ablation2a,,0.1973259323382311,0.26145307043644933
100,15,"[400, 400, 400]",0.2,0.2,5,3,0.11890987289385073,0.05586687944111579,0.33027062706270627,model_cling_ablation2a,,0.17832942906135674,0.27962100830859316
100,15,"[400, 400, 400]",0.2,0.2,6,3,0.15861864449022142,0.15037524231430066,0.30487208720872083,model_cling_ablation2a,,0.18446548362159243,0.25322070353273735
100,15,"[400, 400, 400]",0.2,0.2,7,3,0.2269292453672416,0.21503177071212298,0.32093929392939285,model_cling_ablation2a,,0.15002835770124967,0.25701479126119087
100,15,"[400, 400, 400]",0.2,0.2,8,3,0.22283214192773707,0.1990481245493888,0.3201952195219521,model_cling_ablation2a,,0.18976419499396582,0.259227525141748
100,15,"[400, 400, 400]",0.2,0.2,9,3,0.12413286069480985,0.11339563940197062,0.3440616061606161,model_cling_ablation2a,,0.1704379689203619,0.263925729502312
100,15,"[400, 400, 400]",0.2,0.2,10,3,0.21674502204480908,0.18565367655782794,0.29521992199219915,model_cling_ablation2a,,0.12084639636524139,0.22675654963270406
100,15,"[400, 400, 400]",0.2,0.2,11,3,0.2225869102862229,0.21876756295539768,0.34905410541054105,model_cling_ablation2a,,0.19843855373278368,0.2876820110736576
100,15,"[400, 400, 400]",0.2,0.2,12,3,0.15396471167439815,0.15125611299760844,0.2823194319431943,model_cling_ablation2a,,0.15214634646583902,0.25172916802245254
100,15,"[400, 400, 400]",0.2,0.2,13,3,0.1316703338927683,0.11636539070615137,0.2975489548954895,model_cling_ablation2a,,0.1896423736478831,0.2577217859558695
100,15,"[400, 400, 400]",0.2,0.2,14,3,0.13921317696564942,0.1385351377983013,0.28866646664666457,model_cling_ablation2a,,0.1330656267801237,0.22527209061963635
100,15,"[400, 400, 400]",0.2,0.2,15,3,0.139496998574516,0.12917521561026357,0.30249184918491845,model_cling_ablation2a,,0.17120566301395318,0.241098611311843
100,15,"[400, 400, 400]",0.2,0.2,16,4,0.1340701936794351,0.0634402825921635,0.3317603760376037,model_cling_ablation2a,,0.20017902494489456,0.2738966557669123
100,15,"[400, 400, 400]",0.2,0.2,18,3,0.16356385915413904,0.1504572166198498,0.3075011501150115,model_cling_ablation2a,,0.16339309781254135,0.2803613031150493
100,15,"[400, 400, 400]",0.2,0.2,17,4,0.18690871329885397,0.10274746066286466,0.3181862186218621,model_cling_ablation2a,,0.15131734786553078,0.26252509466019924
100,15,"[400, 400, 400]",0.2,0.2,19,3,0.14396783724173978,0.1333036697404505,0.3050953095309531,model_cling_ablation2a,,0.18473713520256285,0.26521693017052383
100,20,"[400, 400, 400]",0.2,0.2,0,3,0.1796005917838022,0.16822257082109127,0.27590459045904586,model_cling_ablation2a,,0.1381999312723988,0.2125938719501862
100,20,"[400, 400, 400]",0.2,0.2,1,3,0.11122227555523545,0.08326841787974304,0.2636261626162616,model_cling_ablation2a,,0.11947087897480263,0.20810531438359578
100,20,"[400, 400, 400]",0.2,0.2,2,3,0.08435849962794269,0.08381106237640734,0.27611101110111014,model_cling_ablation2a,,0.1425501029559945,0.2246523299842818
100,20,"[400, 400, 400]",0.2,0.2,3,5,0.12116921257064979,0.02466716180273154,0.36207500750075,model_cling_ablation2a,,0.13289988065204436,0.24606122608003805
100,20,"[400, 400, 400]",0.2,0.2,4,3,0.1817790474781635,0.17869228662655534,0.24886528652865283,model_cling_ablation2a,,0.1139746218083184,0.18983878484206995
100,20,"[400, 400, 400]",0.2,0.2,5,3,0.1086714288774518,0.050888958157927267,0.3728976897689769,model_cling_ablation2a,,0.14181152304292596,0.24213307236542397
100,20,"[400, 400, 400]",0.2,0.2,6,3,0.13357157966282104,0.13074397748056865,0.2846324632463246,model_cling_ablation2a,,0.1472316303155872,0.23357428743240663
100,20,"[400, 400, 400]",0.2,0.2,7,3,0.11912967159767862,0.11087879018765168,0.27693909390939087,model_cling_ablation2a,,0.14919622808594604,0.2221710428737909
100,20,"[400, 400, 400]",0.2,0.2,8,4,0.10657420502568649,0.02019662761575558,0.3334683468346834,model_cling_ablation2a,,0.1040647056880729,0.22862345818193003
100,20,"[400, 400, 400]",0.2,0.2,9,3,0.09428636823022951,0.08860155575806561,0.25818481848184816,model_cling_ablation2a,,0.10298738540322758,0.19939331910930067
100,20,"[400, 400, 400]",0.2,0.2,10,3,0.14996211151069003,0.1525763924209056,0.2672319231923192,model_cling_ablation2a,,0.11764123893603819,0.20440439065800797
100,20,"[400, 400, 400]",0.2,0.2,11,3,0.10080562854230857,0.08339463204709308,0.28747134713471345,model_cling_ablation2a,,0.1455702006010876,0.22060358051574086
100,20,"[400, 400, 400]",0.2,0.2,12,4,0.0781683782612782,0.06752444712552375,0.31081968196819676,model_cling_ablation2a,,0.13808808809980622,0.23509818624559733
100,20,"[400, 400, 400]",0.2,0.2,13,3,0.08304325517719391,0.06911270991920582,0.2655991599159916,model_cling_ablation2a,,0.1505975963677977,0.2203634216752449
100,20,"[400, 400, 400]",0.2,0.2,14,3,0.11140683194242192,0.11105992849351509,0.2771497149714971,model_cling_ablation2a,,0.1360605690186857,0.2009122899565157
100,20,"[400, 400, 400]",0.2,0.2,15,3,0.13405608278632516,0.12751498140992867,0.26681188118811877,model_cling_ablation2a,,0.10006724897124646,0.1921622169919688
100,20,"[400, 400, 400]",0.2,0.2,16,3,0.061424859546642195,0.047843365652730285,0.2748484848484848,model_cling_ablation2a,,0.1276207772859527,0.2193267682841802
100,20,"[400, 400, 400]",0.2,0.2,17,4,0.12498349441679639,0.041975092060765884,0.31148514851485143,model_cling_ablation2a,,0.17021185227272026,0.2558474908173463
100,20,"[400, 400, 400]",0.2,0.2,18,3,0.13083736835368429,0.1123316130774219,0.25062526252625256,model_cling_ablation2a,,0.15438895239302838,0.2261250333730459
100,20,"[400, 400, 400]",0.2,0.2,19,3,0.08629997214008896,0.07545424612656293,0.2868862886288629,model_cling_ablation2a,,0.1667187228789271,0.23638935206852496
100,25,"[400, 400, 400]",0.2,0.2,0,3,0.11570631354514309,0.09500460123704169,0.2728189618961896,model_cling_ablation2a,,0.12334210154398571,0.19158006965216492
100,25,"[400, 400, 400]",0.2,0.2,1,3,0.11541036173881462,0.11302893114586587,0.2532051605160516,model_cling_ablation2a,,0.12418348080213006,0.18920272246312664
100,25,"[400, 400, 400]",0.2,0.2,2,3,0.11838049137355415,0.10863789659835954,0.2661530153015301,model_cling_ablation2a,,0.1199048411274555,0.18345545782706563
100,25,"[400, 400, 400]",0.2,0.2,3,3,0.0930603098910161,0.04400039443639914,0.2955473147314731,model_cling_ablation2a,,0.11537114616130723,0.18082573256583706
100,25,"[400, 400, 400]",0.2,0.2,4,3,0.10215543068002648,0.06074530133672862,0.25043336333633365,model_cling_ablation2a,,0.10518341525387097,0.17904491853148943
100,25,"[400, 400, 400]",0.2,0.2,5,3,0.10071103154629794,0.07124995724600935,0.30438211821182115,model_cling_ablation2a,,0.12285611338867845,0.1916941572626112
100,25,"[400, 400, 400]",0.2,0.2,6,3,0.07872038388396874,0.07990539948456621,0.24321968196819682,model_cling_ablation2a,,0.11726879234725544,0.18476177972880378
100,25,"[400, 400, 400]",0.2,0.2,7,3,0.08341086431554252,0.07283872579810147,0.3254336633663366,model_cling_ablation2a,,0.12376862572148392,0.19898464079430875
100,25,"[400, 400, 400]",0.2,0.2,8,3,0.1281353213922315,0.1233988286728821,0.25170405040504046,model_cling_ablation2a,,0.126951229092184,0.18989110549000598
100,25,"[400, 400, 400]",0.2,0.2,9,3,0.10535036056065965,0.09789176735196647,0.3137632163216321,model_cling_ablation2a,,0.11855390209743402,0.19236882434131647
100,25,"[400, 400, 400]",0.2,0.2,10,3,0.11841391430680019,0.11695574473762749,0.2827650765076507,model_cling_ablation2a,,0.12389195852742271,0.2042239524029028
100,25,"[400, 400, 400]",0.2,0.2,11,3,0.11211208627332407,0.09872889838081533,0.26282436243624363,model_cling_ablation2a,,0.12102384451021315,0.19269082114629177
100,25,"[400, 400, 400]",0.2,0.2,12,2,0.11475642612382035,0.1118138938293074,0.22588658865886585,model_cling_ablation2a,,0.10786171185241422,0.17592887806950064
100,25,"[400, 400, 400]",0.2,0.2,13,3,0.06821474971676296,0.04725987089133965,0.2604006000600059,model_cling_ablation2a,,0.12648586766509323,0.2048577700631892
100,25,"[400, 400, 400]",0.2,0.2,14,3,0.08864103944322492,0.08539037944388284,0.2989426942694269,model_cling_ablation2a,,0.11365203326961378,0.18821775046551947
100,25,"[400, 400, 400]",0.2,0.2,15,3,0.11736770331481745,0.05035923382761742,0.2564675667566757,model_cling_ablation2a,,0.1354778472703784,0.19835102235393876
100,25,"[400, 400, 400]",0.2,0.2,16,3,0.10127148571867188,0.08963556357913838,0.2813638163816382,model_cling_ablation2a,,0.12139291273468963,0.1966339981101275
100,25,"[400, 400, 400]",0.2,0.2,17,3,0.08951511513755588,0.08136466767775974,0.2820987698769876,model_cling_ablation2a,,0.1096873402589092,0.20481814661643571
100,25,"[400, 400, 400]",0.2,0.2,18,3,0.12538644794838025,0.09238654814200176,0.2530304230423042,model_cling_ablation2a,,0.1187840133789813,0.1957205021367152
100,25,"[400, 400, 400]",0.2,0.2,19,2,0.0725661360882307,0.07267478366351399,0.16603996399639956,model_cling_ablation2a,,0.1035713269807958,0.1535194570018379
100,5,"[400, 400, 400]",0.0,0.2,0,0,0.0,0,0,model_cling_ablation2a,,0,0
100,5,"[400, 400, 400]",0.0,0.2,1,0,0.0,0,0,model_cling_ablation2a,,0,0
100,5,"[400, 400, 400]",0.0,0.2,2,0,0.0,0,0,model_cling_ablation2a,,0,0
100,5,"[400, 400, 400]",0.0,0.2,3,0,0.0,0,0,model_cling_ablation2a,,0,0
100,5,"[400, 400, 400]",0.0,0.2,4,0,0.0,0,0,model_cling_ablation2a,,0,0
100,5,"[400, 400, 400]",0.0,0.2,5,0,0.0,0,0,model_cling_ablation2a,,0,0
100,5,"[400, 400, 400]",0.0,0.2,6,0,0.0,0,0,model_cling_ablation2a,,0,0
100,5,"[400, 400, 400]",0.0,0.2,7,0,0.0,0,0,model_cling_ablation2a,,0,0
100,5,"[400, 400, 400]",0.0,0.2,8,0,0.0,0,0,model_cling_ablation2a,,0,0
100,5,"[400, 400, 400]",0.0,0.2,9,0,0.0,0,0,model_cling_ablation2a,,0,0
100,5,"[400, 400, 400]",0.0,0.2,10,0,0.0,0,0,model_cling_ablation2a,,0,0
100,5,"[400, 400, 400]",0.0,0.2,11,0,0.0,0,0,model_cling_ablation2a,,0,0
100,5,"[400, 400, 400]",0.0,0.2,12,0,0.0,0,0,model_cling_ablation2a,,0,0
100,5,"[400, 400, 400]",0.0,0.2,13,0,0.0,0,0,model_cling_ablation2a,,0,0
100,5,"[400, 400, 400]",0.0,0.2,14,0,0.0,0,0,model_cling_ablation2a,,0,0
100,5,"[400, 400, 400]",0.0,0.2,15,0,0.0,0,0,model_cling_ablation2a,,0,0
100,5,"[400, 400, 400]",0.0,0.2,16,0,0.0,0,0,model_cling_ablation2a,,0,0
100,5,"[400, 400, 400]",0.0,0.2,17,0,0.0,0,0,model_cling_ablation2a,,0,0
100,5,"[400, 400, 400]",0.0,0.2,18,0,0.0,0,0,model_cling_ablation2a,,0,0
100,5,"[400, 400, 400]",0.0,0.2,19,0,0.0,0,0,model_cling_ablation2a,,0,0
100,5,"[400, 400, 400]",0.4,0.2,0,3,0.44577701645123685,0.44815659730260926,0.6315031503150315,model_cling_ablation2a,,0.5079700165876476,0.45508876416052035
100,5,"[400, 400, 400]",0.4,0.2,1,3,0.3874969719398063,0.26157179494403504,0.6030003000300028,model_cling_ablation2a,,0.4145123570484733,0.44794806124679004
100,5,"[400, 400, 400]",0.4,0.2,2,3,0.37637372541874803,0.3671136010508066,0.5688208820882087,model_cling_ablation2a,,0.3885718470296193,0.44796303762912665
100,5,"[400, 400, 400]",0.4,0.2,3,4,0.312128263943029,0.22944968296526114,0.7585670567056704,model_cling_ablation2a,,0.5559812944160462,0.554221939978802
100,5,"[400, 400, 400]",0.4,0.2,4,4,0.4238000949892308,0.2088736431290933,0.7291905190519052,model_cling_ablation2a,,0.5273299628481888,0.5228597219938431
100,5,"[400, 400, 400]",0.4,0.2,7,3,0.5079607645500742,0.5051155606152749,0.614072607260726,model_cling_ablation2a,,0.41732077459967687,0.47074480206516706
100,5,"[400, 400, 400]",0.4,0.2,5,5,0.5484119072963138,0.04922181307941065,0.959176717671767,model_cling_ablation2a,,0.752226342807315,0.6210569466611368
100,5,"[400, 400, 400]",0.4,0.2,6,4,0.3175073192870888,0.28546461078059304,0.7866834683468346,model_cling_ablation2a,,0.5560502178562945,0.5345716785914002
100,5,"[400, 400, 400]",0.4,0.2,8,3,0.4182418178473794,0.39993467469365573,0.6178649864986498,model_cling_ablation2a,,0.4853125776781551,0.44005608955965364
100,5,"[400, 400, 400]",0.4,0.2,10,3,0.34076522085622724,0.32499812954640706,0.5697497749774978,model_cling_ablation2a,,0.36791880175214015,0.4046842415522811
100,5,"[400, 400, 400]",0.4,0.2,11,3,0.38623719428892134,0.32421561972763524,0.6095841584158415,model_cling_ablation2a,,0.4028889348590133,0.4758027656301887
100,5,"[400, 400, 400]",0.4,0.2,9,4,0.4700983946189354,0.42623523410697617,0.7567380738073808,model_cling_ablation2a,,0.5057512797696737,0.5364901488805405
100,5,"[400, 400, 400]",0.4,0.2,12,3,0.48755190493886724,0.4916308132991002,0.6384326432643264,model_cling_ablation2a,,0.5270939454340476,0.4848073642674902
100,5,"[400, 400, 400]",0.4,0.2,15,3,0.6251665128595976,0.6360308499077685,0.6058949894989498,model_cling_ablation2a,,0.49330959267859215,0.42837136851063934
100,5,"[400, 400, 400]",0.4,0.2,14,3,0.3700427395293933,0.3607614720473554,0.6502466246624662,model_cling_ablation2a,,0.4480541173285985,0.4756773929672083
100,5,"[400, 400, 400]",0.4,0.2,13,4,0.43904498750748794,0.4368336664138388,0.7864314431443142,model_cling_ablation2a,,0.6258121030807785,0.5576302294607215
100,5,"[400, 400, 400]",0.4,0.2,16,3,0.462597825168471,0.447386377179146,0.6181554155415541,model_cling_ablation2a,,0.4796582678816478,0.4541212920499155
100,5,"[400, 400, 400]",0.4,0.2,17,3,0.46613173316199913,0.4648799544959621,0.6478127812781278,model_cling_ablation2a,,0.5530609323605712,0.517677822438801
100,5,"[400, 400, 400]",0.4,0.2,18,3,0.35731424245926346,0.36451537088038777,0.5648484848484848,model_cling_ablation2a,,0.3840702733838208,0.4215165197828114
100,5,"[400, 400, 400]",0.4,0.2,19,4,0.32703785496618754,0.08690917403299792,0.7573021302130212,model_cling_ablation2a,,0.5281589698671619,0.5363386680079466
100,5,"[400, 400, 400]",0.6,0.2,0,3,0.41293925406550747,0.4142934750851457,0.6422898289828982,model_cling_ablation2a,,0.5368980690943074,0.44887134788043803
100,5,"[400, 400, 400]",0.6,0.2,1,3,0.34756932241438987,0.24221298514478617,0.6133765376537653,model_cling_ablation2a,,0.42321657724398176,0.44948804614870214
100,5,"[400, 400, 400]",0.6,0.2,2,3,0.3584522793375771,0.34893062544287656,0.5623810381038105,model_cling_ablation2a,,0.37584198953027437,0.44232649511008837
100,5,"[400, 400, 400]",0.6,0.2,3,3,0.1932931455995063,0.1568052015070438,0.5683744374437443,model_cling_ablation2a,,0.3806153493487965,0.4372016533669887
100,5,"[400, 400, 400]",0.6,0.2,4,3,0.31546505414779696,0.16544752390121098,0.5466714671467146,model_cling_ablation2a,,0.3340584888069577,0.42305467571118194
100,5,"[400, 400, 400]",0.6,0.2,6,3,0.20615182478595437,0.18055425049048546,0.6168136813681369,model_cling_ablation2a,,0.3987041383926992,0.45758766400851697
100,5,"[400, 400, 400]",0.6,0.2,7,3,0.469850402056228,0.470175476933299,0.6137749774977497,model_cling_ablation2a,,0.43795932665099496,0.4746267137109477
100,5,"[400, 400, 400]",0.6,0.2,5,5,0.4009334031342146,0.028431886299304265,0.9508958895889588,model_cling_ablation2a,,0.6084383005996928,0.6065586104594625
100,5,"[400, 400, 400]",0.6,0.2,8,3,0.3961563353997522,0.3800645685427083,0.6253537353735373,model_cling_ablation2a,,0.49786668387571315,0.4426225597831922
100,5,"[400, 400, 400]",0.6,0.2,9,3,0.3449831130265742,0.31946461642331625,0.579180318031803,model_cling_ablation2a,,0.3267884940788789,0.4480655623679855
100,5,"[400, 400, 400]",0.6,0.2,10,3,0.31279942832403035,0.27798800805939416,0.5410957095709571,model_cling_ablation2a,,0.3422542821161663,0.456551352427527
100,5,"[400, 400, 400]",0.6,0.2,11,3,0.3608595501888345,0.3054609547677001,0.6323960396039603,model_cling_ablation2a,,0.43979006504797485,0.47973542712039563
100,5,"[400, 400, 400]",0.6,0.2,12,3,0.448443989238474,0.45357505674677145,0.6403744374437442,model_cling_ablation2a,,0.5301911192629288,0.480520709381497
100,5,"[400, 400, 400]",0.6,0.2,13,3,0.3567353167149167,0.3507437205279359,0.6150087008700869,model_cling_ablation2a,,0.4852094153647238,0.46026917263883316
100,5,"[400, 400, 400]",0.6,0.2,14,3,0.34409259411438436,0.3375357387405288,0.6515475547554754,model_cling_ablation2a,,0.44810700636941175,0.4671773495375978
100,5,"[400, 400, 400]",0.6,0.2,15,3,0.5885892578261963,0.5979847590878888,0.603984398439844,model_cling_ablation2a,,0.48161584654935813,0.45373863973865103
100,5,"[400, 400, 400]",0.6,0.2,16,3,0.4112212114319112,0.3956629091294652,0.6302118211821182,model_cling_ablation2a,,0.5280558482569824,0.4542828048674147
100,5,"[400, 400, 400]",0.6,0.2,17,3,0.418065317986457,0.41858987820641846,0.6478055805580557,model_cling_ablation2a,,0.5539966048751911,0.5128366046076446
100,5,"[400, 400, 400]",0.6,0.2,18,3,0.3249936513239467,0.3293699333938378,0.6362340234023401,model_cling_ablation2a,,0.5258851162006668,0.44511488720861486
100,5,"[400, 400, 400]",0.6,0.2,19,3,0.2054851443695701,0.06431688356667431,0.5989366936693669,model_cling_ablation2a,,0.37894960650143655,0.46326003162337237
100,5,"[400, 400, 400]",0.8,0.2,0,3,0.34937778729290553,0.35330515981624877,0.6385358535853585,model_cling_ablation2a,,0.5296881458681528,0.46157879735328283
100,5,"[400, 400, 400]",0.8,0.2,2,3,0.34240562533784935,0.33252020599905263,0.557998199819982,model_cling_ablation2a,,0.3703322034773231,0.43780807801691396
100,5,"[400, 400, 400]",0.8,0.2,1,3,0.31916634634572727,0.22780791564432024,0.6196459645964596,model_cling_ablation2a,,0.4365196410096559,0.4408197186555558
100,5,"[400, 400, 400]",0.8,0.2,3,3,0.18290972949025594,0.15129380916131918,0.5597839783978398,model_cling_ablation2a,,0.3713353269579125,0.42892481489696854
100,5,"[400, 400, 400]",0.8,0.2,4,3,0.2997028254611995,0.1624223577951297,0.5503222322232222,model_cling_ablation2a,,0.33657540718898754,0.4231085646103764
100,5,"[400, 400, 400]",0.8,0.2,6,3,0.19734169207637975,0.17576608571739738,0.6175601560156015,model_cling_ablation2a,,0.40673950634056383,0.45523886321432017
100,5,"[400, 400, 400]",0.8,0.2,7,3,0.33293870063055303,0.330187115558234,0.596116411641164,model_cling_ablation2a,,0.4261870945889078,0.4600272966421797
100,5,"[400, 400, 400]",0.8,0.2,5,5,0.36873300038594187,0.02156816111410631,0.9492829282928291,model_cling_ablation2a,,0.6006359858873479,0.6028785909540415
100,5,"[400, 400, 400]",0.8,0.2,8,3,0.3767452600136986,0.3625116678287057,0.630034203420342,model_cling_ablation2a,,0.5018507840300261,0.44276596637008026
100,5,"[400, 400, 400]",0.8,0.2,9,3,0.3308941388971344,0.30852035637214936,0.5542562256225622,model_cling_ablation2a,,0.2892348279550148,0.43576858036843963
100,5,"[400, 400, 400]",0.8,0.2,10,3,0.29575190077213986,0.2656661717674781,0.5263606360636063,model_cling_ablation2a,,0.33318363122436684,0.42450648799130586
100,5,"[400, 400, 400]",0.8,0.2,11,3,0.338941655238655,0.28876596834143353,0.6518163816381637,model_cling_ablation2a,,0.47864191456768757,0.4860078214502226
100,5,"[400, 400, 400]",0.8,0.2,12,3,0.4154329913182657,0.4210161868439277,0.6404992499249924,model_cling_ablation2a,,0.5273722327231121,0.4764801926361251
100,5,"[400, 400, 400]",0.8,0.2,13,3,0.33125126987278114,0.32265883057363764,0.6241560156015601,model_cling_ablation2a,,0.4986263358984782,0.4592740076583538
100,5,"[400, 400, 400]",0.8,0.2,14,3,0.32203207646492643,0.31734469608115967,0.6538229822982298,model_cling_ablation2a,,0.45486393719459917,0.4632467837148907
100,5,"[400, 400, 400]",0.8,0.2,15,3,0.556334445713405,0.5642791577960148,0.6026906690669066,model_cling_ablation2a,,0.46874719911921614,0.44720985538932595
100,5,"[400, 400, 400]",0.8,0.2,16,3,0.37152849429532253,0.354753499865576,0.6338265826582659,model_cling_ablation2a,,0.5332931143957439,0.45217237317886727
100,5,"[400, 400, 400]",0.8,0.2,17,3,0.2826077463108281,0.26370832046280457,0.6567584758475846,model_cling_ablation2a,,0.5099329486464568,0.47096321550916626
100,5,"[400, 400, 400]",0.8,0.2,18,3,0.31172554708170014,0.315823868192077,0.6440348034803479,model_cling_ablation2a,,0.5371696112060921,0.44479221265746227
100,5,"[400, 400, 400]",0.8,0.2,19,3,0.19332535193632414,0.06363163357953638,0.6017665766576658,model_cling_ablation2a,,0.3841362706528253,0.4609095001673273
100,5,"[400, 400, 400]",1.0,0.2,0,3,0.3244827304499633,0.327594706454425,0.64205700570057,model_cling_ablation2a,,0.5447712591248339,0.4613515208359056
100,5,"[400, 400, 400]",1.0,0.2,1,3,0.32482045295905715,0.2238239825477144,0.5948034803480348,model_cling_ablation2a,,0.4184049821036332,0.41123202748016185
100,5,"[400, 400, 400]",1.0,0.2,2,3,0.32790844851198225,0.31760728513178116,0.5538745874587457,model_cling_ablation2a,,0.36491217904018186,0.4334744157366913
100,5,"[400, 400, 400]",1.0,0.2,3,3,0.1737332041577355,0.14616452898070487,0.5485628562856284,model_cling_ablation2a,,0.36515575077875834,0.4216037126808262
100,5,"[400, 400, 400]",1.0,0.2,4,3,0.2858802938611771,0.15961400225915423,0.5626258625862587,model_cling_ablation2a,,0.3609022099042557,0.43420110646347615
100,5,"[400, 400, 400]",1.0,0.2,6,3,0.1895167626012532,0.17125197034872752,0.6204404440444045,model_cling_ablation2a,,0.4184759737403315,0.45335055084562714
100,5,"[400, 400, 400]",1.0,0.2,5,5,0.35121693876797017,0.017224405718997193,0.951395139513951,model_cling_ablation2a,,0.5793234295858523,0.6063292526345857
100,5,"[400, 400, 400]",1.0,0.2,7,3,0.3110501366580675,0.30998953751109204,0.5966276627662765,model_cling_ablation2a,,0.42336820804909103,0.45547766148732693
100,5,"[400, 400, 400]",1.0,0.2,8,3,0.35925294013729675,0.34656080092809805,0.6353555355535553,model_cling_ablation2a,,0.5044101540312566,0.4430605852386355
100,5,"[400, 400, 400]",1.0,0.2,9,3,0.30021745799103866,0.2709728634337555,0.5517311731173117,model_cling_ablation2a,,0.26977526043801514,0.4327198832641077
100,5,"[400, 400, 400]",1.0,0.2,10,3,0.2806098764706871,0.25439549518251847,0.5330381038103809,model_cling_ablation2a,,0.3429947214851722,0.4246455290786544
100,5,"[400, 400, 400]",1.0,0.2,11,3,0.3197918331271276,0.27383690319241316,0.661040504050405,model_cling_ablation2a,,0.5096652755654478,0.49476458323668865
100,5,"[400, 400, 400]",1.0,0.2,12,3,0.45236850036112913,0.47338434797775153,0.6418313831383138,model_cling_ablation2a,,0.5460225709215775,0.4785220312384478
100,5,"[400, 400, 400]",1.0,0.2,13,3,0.30960196293052905,0.2990463329224522,0.6304854485448544,model_cling_ablation2a,,0.5188302704408074,0.4598838431547399
100,5,"[400, 400, 400]",1.0,0.2,14,3,0.30293829753727725,0.29952965937512677,0.6562784278427842,model_cling_ablation2a,,0.46140949051747177,0.4596575900199087
100,5,"[400, 400, 400]",1.0,0.2,15,3,0.5276301872560426,0.5342063466052563,0.6018985898589858,model_cling_ablation2a,,0.46101838540033646,0.4415975620263963
100,5,"[400, 400, 400]",1.0,0.2,16,3,0.3248831280179766,0.3086073099998957,0.6363564356435643,model_cling_ablation2a,,0.5314530071291359,0.46527742122408183
100,5,"[400, 400, 400]",1.0,0.2,17,3,0.259478866925457,0.2422346629676937,0.6576201620162017,model_cling_ablation2a,,0.5047499959127867,0.46679850846766135
100,5,"[400, 400, 400]",1.0,0.2,18,3,0.3002598056135333,0.3041289090371583,0.6441284128412841,model_cling_ablation2a,,0.540122730438281,0.4388994584837862
100,5,"[400, 400, 400]",1.0,0.2,19,3,0.18285572008772247,0.06294507729423393,0.6041596159615961,model_cling_ablation2a,,0.3878410023942817,0.4591433231449272
100,5,"[400, 400, 400]",0.2,0.0,0,0,0.0,0,0,model_cling_ablation2a,,0,0
100,5,"[400, 400, 400]",0.2,0.0,1,0,0.0,0,0,model_cling_ablation2a,,0,0
100,5,"[400, 400, 400]",0.2,0.0,2,0,0.0,0,0,model_cling_ablation2a,,0,0
100,5,"[400, 400, 400]",0.2,0.0,3,0,0.0,0,0,model_cling_ablation2a,,0,0
100,5,"[400, 400, 400]",0.2,0.0,4,0,0.0,0,0,model_cling_ablation2a,,0,0
100,5,"[400, 400, 400]",0.2,0.0,5,0,0.0,0,0,model_cling_ablation2a,,0,0
100,5,"[400, 400, 400]",0.2,0.0,6,0,0.0,0,0,model_cling_ablation2a,,0,0
100,5,"[400, 400, 400]",0.2,0.0,7,0,0.0,0,0,model_cling_ablation2a,,0,0
100,5,"[400, 400, 400]",0.2,0.0,8,0,0.0,0,0,model_cling_ablation2a,,0,0
100,5,"[400, 400, 400]",0.2,0.0,9,0,0.0,0,0,model_cling_ablation2a,,0,0
100,5,"[400, 400, 400]",0.2,0.0,10,0,0.0,0,0,model_cling_ablation2a,,0,0
100,5,"[400, 400, 400]",0.2,0.0,11,0,0.0,0,0,model_cling_ablation2a,,0,0
100,5,"[400, 400, 400]",0.2,0.0,12,0,0.0,0,0,model_cling_ablation2a,,0,0
100,5,"[400, 400, 400]",0.2,0.0,13,0,0.0,0,0,model_cling_ablation2a,,0,0
100,5,"[400, 400, 400]",0.2,0.0,14,0,0.0,0,0,model_cling_ablation2a,,0,0
100,5,"[400, 400, 400]",0.2,0.0,15,0,0.0,0,0,model_cling_ablation2a,,0,0
100,5,"[400, 400, 400]",0.2,0.0,16,0,0.0,0,0,model_cling_ablation2a,,0,0
100,5,"[400, 400, 400]",0.2,0.0,17,0,0.0,0,0,model_cling_ablation2a,,0,0
100,5,"[400, 400, 400]",0.2,0.0,18,0,0.0,0,0,model_cling_ablation2a,,0,0
100,5,"[400, 400, 400]",0.2,0.0,19,0,0.0,0,0,model_cling_ablation2a,,0,0
100,5,"[400, 400, 400]",0.2,0.5,0,5,0.6692284318833325,0.23161802351466876,0.7973693369336934,model_cling_ablation2a,,0.47897934618051724,0.6701158917015964
100,5,"[400, 400, 400]",0.2,0.5,1,5,0.5520992342902745,0.408229113112762,0.7967956795679567,model_cling_ablation2a,,0.4953528114987554,0.6677013518114165
100,5,"[400, 400, 400]",0.2,0.5,2,5,0.9053420966865598,0.9009662041933117,0.8877575757575757,model_cling_ablation2a,,0.6678341954029309,0.7639669823311083
100,5,"[400, 400, 400]",0.2,0.5,3,5,0.5781629854128733,0.524869280793393,0.9055865586558655,model_cling_ablation2a,,0.6709462532800643,0.7746784499046088
100,5,"[400, 400, 400]",0.2,0.5,4,5,0.7582266816861486,0.5555494065232178,0.9319579957995797,model_cling_ablation2a,,0.7537872265347063,0.8151258145449537
100,5,"[400, 400, 400]",0.2,0.5,7,5,0.7514296200111977,0.561035181915464,0.8754107410741072,model_cling_ablation2a,,0.6223511101058857,0.7298535362973895
100,5,"[400, 400, 400]",0.2,0.5,5,5,0.3999086598063184,0.14334147147677512,0.8173825382538255,model_cling_ablation2a,,0.5328570875505293,0.6683763789294851
100,5,"[400, 400, 400]",0.2,0.5,6,5,0.6163804203399663,0.49103885511901013,0.927203120312031,model_cling_ablation2a,,0.7049671899128475,0.7744692027039141
100,5,"[400, 400, 400]",0.2,0.5,8,5,0.7108648829781261,0.5849706761629248,0.8388790879087906,model_cling_ablation2a,,0.5517463436097518,0.7054009483711021
100,5,"[400, 400, 400]",0.2,0.5,9,5,0.5925429675382473,0.3753726304481555,0.8185370537053703,model_cling_ablation2a,,0.5327916015305383,0.6922180182861288
100,5,"[400, 400, 400]",0.2,0.5,10,5,0.8419092611346296,0.8358245377702794,0.8003120312031203,model_cling_ablation2a,,0.5428427004071484,0.6812407683558753
100,5,"[400, 400, 400]",0.2,0.5,11,5,0.7410054531377882,0.7112477398006481,0.9700834083408341,model_cling_ablation2a,,0.8224808851869467,0.8360672905232648
100,5,"[400, 400, 400]",0.2,0.5,12,5,0.8414661646727971,0.8355264518558887,0.8799111911191119,model_cling_ablation2a,,0.6680847362898159,0.7587798636125337
100,5,"[400, 400, 400]",0.2,0.5,13,5,0.4101553663133053,0.01098922578766004,0.7961860186018601,model_cling_ablation2a,,0.3299571827548918,0.6480145639362843
100,5,"[400, 400, 400]",0.2,0.5,14,5,0.7758454079266409,0.7493461418676557,0.744069606960696,model_cling_ablation2a,,0.46942799902484733,0.6620381443345533
100,5,"[400, 400, 400]",0.2,0.5,15,5,0.8550074349723573,0.8070768407843629,0.8945214521452144,model_cling_ablation2a,,0.7070920903638976,0.7856152358640376
100,5,"[400, 400, 400]",0.2,0.5,16,5,0.5897599785077312,0.132435642719812,0.8004536453645364,model_cling_ablation2a,,0.4711899362138137,0.6478262353009984
100,5,"[400, 400, 400]",0.2,0.5,17,5,0.7489119405444016,0.5855234193234353,0.8666714671467146,model_cling_ablation2a,,0.5947496660565096,0.7265566247688551
100,5,"[400, 400, 400]",0.2,0.5,18,5,0.6988951391886925,0.6716126165006482,0.8499561956195618,model_cling_ablation2a,,0.5807316903808389,0.7116467271040379
100,5,"[400, 400, 400]",0.2,0.5,19,5,0.5998943346013631,0.2708142919021239,0.7885220522052204,model_cling_ablation2a,,0.4959263696988476,0.6484729763664469
100,5,"[400, 400, 400]",0.2,0.8,0,5,0.6388330970556596,0.38806404363446634,0.7768496849684968,model_cling_ablation2a,,0.45132922535600795,0.6934232075938975
100,5,"[400, 400, 400]",0.2,0.8,1,5,0.6953816762984207,0.6399487037651842,0.7914575457545754,model_cling_ablation2a,,0.4714742456813264,0.6931787925570159
100,5,"[400, 400, 400]",0.2,0.8,2,5,0.9813735149901789,0.9815589786868069,0.8283300330033002,model_cling_ablation2a,,0.6073129685224734,0.7699085632394684
100,5,"[400, 400, 400]",0.2,0.8,3,5,0.9365154994018083,0.9324194182625216,0.8995091509150914,model_cling_ablation2a,,0.6626609999138882,0.8334738513723267
100,5,"[400, 400, 400]",0.2,0.8,4,5,0.7913868308610036,0.7719245555429717,0.962150615061506,model_cling_ablation2a,,0.782907513380793,0.9089517222259721
100,5,"[400, 400, 400]",0.2,0.8,5,5,0.45326647304233086,0.23238709449477657,0.7698649864986498,model_cling_ablation2a,,0.4989632124647621,0.712985913332486
100,5,"[400, 400, 400]",0.2,0.8,6,5,0.724313004778507,0.6859760934697783,0.8344218421842182,model_cling_ablation2a,,0.5580001168049062,0.7416450399870247
100,5,"[400, 400, 400]",0.2,0.8,7,5,0.7427232349724461,0.47183585771765957,0.7416813681368135,model_cling_ablation2a,,0.3775388514248007,0.6355252365677582
100,5,"[400, 400, 400]",0.2,0.8,8,5,0.8233253352086484,0.7525217341330204,0.6837251725172516,model_cling_ablation2a,,0.3437350089331407,0.599293035612041
100,5,"[400, 400, 400]",0.2,0.8,9,5,0.7188141971731549,0.48957842792437,0.7823582358235823,model_cling_ablation2a,,0.49691455887078045,0.7031423717764141
100,5,"[400, 400, 400]",0.2,0.8,10,5,0.8835398698359965,0.8256586598089365,0.8187482748274826,model_cling_ablation2a,,0.6023982590700128,0.781288748478446
100,5,"[400, 400, 400]",0.2,0.8,11,5,0.7677107321709634,0.6706932305527943,0.8859021902190218,model_cling_ablation2a,,0.6880544428586355,0.8312316671937544
100,5,"[400, 400, 400]",0.2,0.8,12,5,0.736890986703588,0.6504663570846791,0.7888724872487247,model_cling_ablation2a,,0.4516154238418364,0.694257262091052
100,5,"[400, 400, 400]",0.2,0.8,13,5,0.44375964794046524,0.017301279975813655,0.8639207920792078,model_cling_ablation2a,,0.40383293242153245,0.7369760629721668
100,5,"[400, 400, 400]",0.2,0.8,14,5,0.8512931976796544,0.8333628647794693,0.8156927692769275,model_cling_ablation2a,,0.5386153419376629,0.7234593303995623
100,5,"[400, 400, 400]",0.2,0.8,15,5,0.8638914582811622,0.8418070431380771,0.8009432943294328,model_cling_ablation2a,,0.4921589346804541,0.7373167099372697
100,5,"[400, 400, 400]",0.2,0.8,16,5,0.6606904599234437,0.207492986865636,0.852003600360036,model_cling_ablation2a,,0.5430791350567359,0.7438653011944868
100,5,"[400, 400, 400]",0.2,0.8,18,5,0.8085963187943168,0.7920651939794241,0.8598403840384037,model_cling_ablation2a,,0.6155780497192117,0.8010537982615293
100,5,"[400, 400, 400]",0.2,0.8,17,5,0.515044136229568,0.1851771166044922,0.8552703270327033,model_cling_ablation2a,,0.5114369591823089,0.7570435164867083
100,5,"[400, 400, 400]",0.2,0.8,19,5,0.910165080523104,0.8972010477982214,0.8286708670867086,model_cling_ablation2a,,0.5577859168986642,0.7650204626820952
100,5,"[400, 400, 400]",0.2,1.0,0,5,0.6668337883191412,0.43390139194850286,0.7512631263126311,model_cling_ablation2a,,0.3985960386668259,0.681063256645354
100,5,"[400, 400, 400]",0.2,1.0,1,5,0.6831898838950984,0.6414294941857799,0.7388154815481547,model_cling_ablation2a,,0.4135598193637135,0.6794118713241956
100,5,"[400, 400, 400]",0.2,1.0,2,5,0.9857926217159422,0.9859656961304839,0.8301446144614462,model_cling_ablation2a,,0.5089395891142839,0.7740691754323464
100,5,"[400, 400, 400]",0.2,1.0,3,5,0.8143439565176185,0.7818422752929082,0.8578601860186017,model_cling_ablation2a,,0.5098102394414498,0.7867745173407334
100,5,"[400, 400, 400]",0.2,1.0,4,5,0.724372032584253,0.69226747717294,0.7654221422142214,model_cling_ablation2a,,0.4564521248695581,0.7238084988031174
100,5,"[400, 400, 400]",0.2,1.0,5,5,0.47577429748591066,0.2705544493721236,0.7355583558355836,model_cling_ablation2a,,0.37980763612836105,0.660349852186576
100,5,"[400, 400, 400]",0.2,1.0,6,5,0.8084141895433321,0.7619184082033427,0.7033951395139513,model_cling_ablation2a,,0.3635561563789646,0.6316262726642042
100,5,"[400, 400, 400]",0.2,1.0,7,5,0.7531960345953937,0.5213664442993841,0.7592727272727273,model_cling_ablation2a,,0.3961544767220532,0.6980071875449222
100,5,"[400, 400, 400]",0.2,1.0,8,5,0.8480584269780351,0.7911702082254818,0.7852169216921692,model_cling_ablation2a,,0.45470372960888683,0.7156650104063151
100,5,"[400, 400, 400]",0.2,1.0,9,5,0.7302379463523847,0.5672542873212665,0.794097809780978,model_cling_ablation2a,,0.4689475601686584,0.7315753348458428
100,5,"[400, 400, 400]",0.2,1.0,10,5,0.9142286570843936,0.8848645170384047,0.7696753675367536,model_cling_ablation2a,,0.49779856366154884,0.7343803023768897
100,5,"[400, 400, 400]",0.2,1.0,11,5,0.8027924400235421,0.7223287994390094,0.7821782178217821,model_cling_ablation2a,,0.44118564109477987,0.6887579297370608
100,5,"[400, 400, 400]",0.2,1.0,12,5,0.7686344960455408,0.6992667165013924,0.8665082508250824,model_cling_ablation2a,,0.5315773599572667,0.7961912011950074
100,5,"[400, 400, 400]",0.2,1.0,13,5,0.5121248115274054,0.02269874692213092,0.8635319531953195,model_cling_ablation2a,,0.3482859407634154,0.7229069431683949
100,5,"[400, 400, 400]",0.2,1.0,15,5,0.9155714833829346,0.8993763908266568,0.7567932793279327,model_cling_ablation2a,,0.42844667571485445,0.7029668560428501
100,5,"[400, 400, 400]",0.2,1.0,14,5,0.9075994795160617,0.9021729355623083,0.7243036303630361,model_cling_ablation2a,,0.4215801795131802,0.6498320364502279
100,5,"[400, 400, 400]",0.2,1.0,16,5,0.6705108780033798,0.2422255109636826,0.8305862586258623,model_cling_ablation2a,,0.4978044654904679,0.7356500228126424
100,5,"[400, 400, 400]",0.2,1.0,17,5,0.5635508321085123,0.23059189989004092,0.795084308430843,model_cling_ablation2a,,0.4376622360916212,0.7309253307833175
100,5,"[400, 400, 400]",0.2,1.0,18,5,0.8773001473838503,0.8691110300918897,0.8258097809780975,model_cling_ablation2a,,0.5058085408610782,0.7616446102788142
100,5,"[400, 400, 400]",0.2,1.0,19,5,0.6706129634200476,0.4540428820141089,0.6714239423942393,model_cling_ablation2a,,0.3288856313199679,0.5751472196701229
