N,K,D,noise_std,sparsity,seed,K_est,Var_exp_views,Var_exp_total,Cor_factors,model,tres,Jaccard_index,Cor_weights
100,10,"[1000, 1000, 1000]",1.0,0.8,1,10,0.6768239677000146,0.6768239677000147,0.5702826282628262,model_pca_0.02,0.02,0.38913063003352477,0.4408883594972606
100,10,"[1000, 1000, 1000]",1.0,0.8,0,10,0.6729989387002866,0.6729989387002866,0.5898625862586258,model_pca_0.02,0.02,0.3036085646221823,0.4100505922093839
100,10,"[1000, 1000, 1000]",1.0,0.8,3,10,0.6776191071347158,0.677619107134716,0.642972697269727,model_pca_0.02,0.02,0.45246708251332024,0.4668611339197817
100,10,"[1000, 1000, 1000]",1.0,0.8,2,10,0.680679935757854,0.680679935757854,0.5703702370237023,model_pca_0.02,0.02,0.3074721461932427,0.41897110443195285
100,10,"[1000, 1000, 1000]",1.0,0.8,4,10,0.6831969497683286,0.6831969497683286,0.6198139813981397,model_pca_0.02,0.02,0.3299013430917493,0.4330731924419202
100,10,"[1000, 1000, 1000]",1.0,0.8,5,10,0.6766694848577276,0.6766694848577275,0.5959759975997599,model_pca_0.02,0.02,0.30757388835690985,0.41234750363899153
100,10,"[1000, 1000, 1000]",1.0,0.8,6,10,0.6886445332975691,0.6886445332975691,0.5726060606060606,model_pca_0.02,0.02,0.3136349392382925,0.42006552960695137
100,10,"[1000, 1000, 1000]",1.0,0.8,7,10,0.6780009881614436,0.6780009881614437,0.5396903690369037,model_pca_0.02,0.02,0.24739054741746794,0.38108310541474893
100,10,"[1000, 1000, 1000]",1.0,0.8,9,10,0.6856983554402648,0.6856983554402649,0.6265466546654664,model_pca_0.02,0.02,0.3925609754049683,0.43600327525726573
100,10,"[1000, 1000, 1000]",1.0,0.8,8,10,0.6866721207970751,0.686672120797075,0.613065706570657,model_pca_0.02,0.02,0.3631472062859094,0.43077177163831754
100,10,"[1000, 1000, 1000]",1.0,0.8,11,10,0.6789647105365836,0.6789647105365837,0.5881776177617761,model_pca_0.02,0.02,0.3595806068055815,0.43354476143196025
100,10,"[1000, 1000, 1000]",1.0,0.8,10,10,0.6953258336321978,0.6953258336321977,0.6084452445244524,model_pca_0.02,0.02,0.4051428120855111,0.45058213225690186
100,10,"[1000, 1000, 1000]",1.0,0.8,12,10,0.6703695064493654,0.6703695064493655,0.5597635763576357,model_pca_0.02,0.02,0.33227445465804084,0.418032598318923
100,10,"[1000, 1000, 1000]",1.0,0.8,13,10,0.6844275820948313,0.6844275820948312,0.547165916591659,model_pca_0.02,0.02,0.24501155005554767,0.37976365367831
100,10,"[1000, 1000, 1000]",1.0,0.8,14,10,0.6733743485443521,0.6733743485443522,0.5744974497449744,model_pca_0.02,0.02,0.33881774712800466,0.41215610010113324
100,10,"[1000, 1000, 1000]",1.0,0.8,15,10,0.6766268020791651,0.6766268020791653,0.6434815481548154,model_pca_0.02,0.02,0.3585128113658483,0.4376453237602596
100,10,"[1000, 1000, 1000]",1.0,0.8,17,10,0.6834719843920274,0.6834719843920274,0.6039651965196519,model_pca_0.02,0.02,0.42367070243827726,0.4612804093263075
100,10,"[1000, 1000, 1000]",1.0,0.8,16,10,0.6727123225053226,0.6727123225053226,0.6010729072907289,model_pca_0.02,0.02,0.3290348292693912,0.4247813839440061
100,10,"[1000, 1000, 1000]",1.0,0.8,18,10,0.6863368464277292,0.6863368464277292,0.5856405640564055,model_pca_0.02,0.02,0.31370742492110804,0.4175426299916351
100,1,"[1000, 1000, 1000]",1.0,0.8,0,1,0.11558747622151562,0.11558747622151544,0.9986438643864384,model_pca_0.02,0.02,0.9422358324598062,0.6831326597196575
100,10,"[1000, 1000, 1000]",1.0,0.8,19,10,0.676939372241744,0.676939372241744,0.5459189918991899,model_pca_0.02,0.02,0.28715490327425847,0.3889496904887039
100,1,"[1000, 1000, 1000]",1.0,0.8,1,1,0.10964531875473404,0.10964531875473404,0.9978997899789978,model_pca_0.02,0.02,0.9355240229026638,0.6790299839334533
100,1,"[1000, 1000, 1000]",1.0,0.8,3,1,0.11820683623943846,0.1182068362394385,0.9987638763876386,model_pca_0.02,0.02,0.9293004729897935,0.6648317686167505
100,1,"[1000, 1000, 1000]",1.0,0.8,2,1,0.10991994172090629,0.10991994172090624,0.9985598559855984,model_pca_0.02,0.02,0.9421101774042951,0.6601547817016479
100,1,"[1000, 1000, 1000]",1.0,0.8,5,1,0.10354460197719884,0.10354460197719884,0.9989558955895589,model_pca_0.02,0.02,0.9234291994870856,0.6589926283422094
100,1,"[1000, 1000, 1000]",1.0,0.8,4,1,0.11572153818367892,0.11572153818367903,0.9985238523852384,model_pca_0.02,0.02,0.9295410471881059,0.6701598398504954
100,1,"[1000, 1000, 1000]",1.0,0.8,7,1,0.10300144304802912,0.10300144304802916,0.9980198019801979,model_pca_0.02,0.02,0.923076923076923,0.6439111389510718
100,1,"[1000, 1000, 1000]",1.0,0.8,6,1,0.100053817759029,0.100053817759029,0.9989558955895589,model_pca_0.02,0.02,0.9231954668847874,0.6506074518005905
100,1,"[1000, 1000, 1000]",1.0,0.8,8,1,0.1231710186579323,0.12317101865793234,0.9992679267926792,model_pca_0.02,0.02,0.9169719169719169,0.6778689753388202
100,1,"[1000, 1000, 1000]",1.0,0.8,9,1,0.10975198041501695,0.10975198041501688,0.999171917191719,model_pca_0.02,0.02,0.936012282546936,0.6491940139652955
100,1,"[1000, 1000, 1000]",1.0,0.8,10,1,0.10158749385750128,0.10158749385750132,0.9990519051905189,model_pca_0.02,0.02,0.8988872762457669,0.6511541188973732
100,1,"[1000, 1000, 1000]",1.0,0.8,11,1,0.11144968115412608,0.11144968115412612,0.9989798979897988,model_pca_0.02,0.02,0.899895627071186,0.6679960566601193
100,1,"[1000, 1000, 1000]",1.0,0.8,12,1,0.10997301696090522,0.10997301696090533,0.9986678667866786,model_pca_0.02,0.02,0.935646053293112,0.6805633582684933
100,1,"[1000, 1000, 1000]",1.0,0.8,13,1,0.11480181149521336,0.1148018114952134,0.9988598859885988,model_pca_0.02,0.02,0.9609099687810015,0.6679874805914703
100,1,"[1000, 1000, 1000]",1.0,0.8,14,1,0.11513106370893622,0.11513106370893622,0.9991119111911191,model_pca_0.02,0.02,0.9175513413785804,0.6745732394775121
100,1,"[1000, 1000, 1000]",1.0,0.8,15,1,0.10571689549494805,0.10571689549494812,0.9989438943894389,model_pca_0.02,0.02,0.9231954668847872,0.6395822320777477
100,1,"[1000, 1000, 1000]",1.0,0.8,16,1,0.11327870612833024,0.11327870612833024,0.9988358835883587,model_pca_0.02,0.02,0.9418696032059825,0.6679948051790738
100,1,"[1000, 1000, 1000]",1.0,0.8,17,1,0.11349954216119211,0.11349954216119218,0.9986318631863185,model_pca_0.02,0.02,0.923896921681899,0.6561697941003589
100,1,"[1000, 1000, 1000]",1.0,0.8,18,1,0.10982458381812159,0.10982458381812166,0.9983798379837983,model_pca_0.02,0.02,0.9170904607797811,0.6617696978092823
100,1,"[1000, 1000, 1000]",1.0,0.8,19,1,0.11308337901838601,0.11308337901838605,0.9989678967896789,model_pca_0.02,0.02,0.9293004729897935,0.6637592380506959
100,7,"[1000, 1000, 1000]",1.0,0.8,0,7,0.5616136060277067,0.5616136060277068,0.6485585701427284,model_pca_0.02,0.02,0.4348974512793745,0.4934604900988462
100,7,"[1000, 1000, 1000]",1.0,0.8,1,7,0.5428795171210502,0.5428795171210503,0.6530487334447729,model_pca_0.02,0.02,0.4283884048795876,0.4719323157917416
100,7,"[1000, 1000, 1000]",1.0,0.8,2,7,0.5595821539838168,0.5595821539838168,0.5878650722215077,model_pca_0.02,0.02,0.3382606407009994,0.4576381645442534
100,7,"[1000, 1000, 1000]",1.0,0.8,3,7,0.5687981673850291,0.5687981673850291,0.5912562684839912,model_pca_0.02,0.02,0.39856212478637687,0.4602708071560538
100,7,"[1000, 1000, 1000]",1.0,0.8,4,7,0.5716397244861152,0.5716397244861153,0.6195619561956195,model_pca_0.02,0.02,0.37202968849529444,0.4503453095642157
100,7,"[1000, 1000, 1000]",1.0,0.8,5,7,0.5631528852393084,0.5631528852393084,0.6332381809609532,model_pca_0.02,0.02,0.33736023642578505,0.46884248888890523
100,7,"[1000, 1000, 1000]",1.0,0.8,6,7,0.5691581059023281,0.5691581059023281,0.6768333976254768,model_pca_0.02,0.02,0.36499679108510263,0.4856499416193302
100,7,"[1000, 1000, 1000]",1.0,0.8,7,7,0.5412896912158652,0.5412896912158653,0.6046067463889245,model_pca_0.02,0.02,0.32432260477920327,0.44168246647668624
100,7,"[1000, 1000, 1000]",1.0,0.8,8,7,0.5661124430540913,0.5661124430540911,0.6899644250139297,model_pca_0.02,0.02,0.436584398081225,0.48358617315525315
100,7,"[1000, 1000, 1000]",1.0,0.8,10,7,0.5607756637978721,0.5607756637978721,0.593989113197034,model_pca_0.02,0.02,0.3450061875787216,0.45412290361742713
100,7,"[1000, 1000, 1000]",1.0,0.8,9,7,0.5471687623865117,0.5471687623865117,0.6337233723372336,model_pca_0.02,0.02,0.5239703557444618,0.4888826158322632
100,7,"[1000, 1000, 1000]",1.0,0.8,11,7,0.556479872439256,0.5564798724392561,0.5852933864815053,model_pca_0.02,0.02,0.39408665592169617,0.4415104776243632
100,7,"[1000, 1000, 1000]",1.0,0.8,12,7,0.5538014513604411,0.553801451360441,0.672098066949552,model_pca_0.02,0.02,0.4373128278245296,0.48103425089931084
100,7,"[1000, 1000, 1000]",1.0,0.8,14,7,0.5538091325293674,0.5538091325293675,0.6239612532681839,model_pca_0.02,0.02,0.33102429460776533,0.45232387470440233
100,7,"[1000, 1000, 1000]",1.0,0.8,13,7,0.5612080277915505,0.5612080277915505,0.6805760576057605,model_pca_0.02,0.02,0.42056902104833244,0.4797930430381051
100,7,"[1000, 1000, 1000]",1.0,0.8,15,7,0.55720530311501,0.55720530311501,0.6378209249496377,model_pca_0.02,0.02,0.3884953827689001,0.4673161801431486
100,7,"[1000, 1000, 1000]",1.0,0.8,16,7,0.5636858176332606,0.5636858176332606,0.5794676610518195,model_pca_0.02,0.02,0.3613926784757547,0.44380233983129536
100,7,"[1000, 1000, 1000]",1.0,0.8,17,7,0.5558478091774607,0.5558478091774606,0.5998405554841197,model_pca_0.02,0.02,0.42224538852603904,0.4687708830809729
100,7,"[1000, 1000, 1000]",1.0,0.8,18,7,0.5789824322571556,0.5789824322571556,0.642139642535682,model_pca_0.02,0.02,0.44475582363976573,0.4712933320088058
100,7,"[1000, 1000, 1000]",1.0,0.8,19,7,0.552310692411233,0.5523106924112331,0.5747323303758947,model_pca_0.02,0.02,0.3170452473922749,0.4305430950829307
100,5,"[1000, 1000, 1000]",1.0,0.8,1,5,0.43001009939730284,0.43001009939730284,0.6602436243624361,model_pca_0.02,0.02,0.4006789050259211,0.4829610924274546
100,5,"[1000, 1000, 1000]",1.0,0.8,0,5,0.45136487432351413,0.45136487432351413,0.8342850285028502,model_pca_0.02,0.02,0.70714847989592,0.5846279362833666
100,5,"[1000, 1000, 1000]",1.0,0.8,2,5,0.45162404583676824,0.4516240458367683,0.7357239723972396,model_pca_0.02,0.02,0.5467591658145688,0.5334256546347294
100,5,"[1000, 1000, 1000]",1.0,0.8,3,5,0.4470127618541467,0.44701276185414673,0.721118511851185,model_pca_0.02,0.02,0.6051198436894282,0.5285000615403056
100,5,"[1000, 1000, 1000]",1.0,0.8,4,5,0.442549318226948,0.442549318226948,0.6717743774377437,model_pca_0.02,0.02,0.44299879196026143,0.4972468573847563
100,5,"[1000, 1000, 1000]",1.0,0.8,5,5,0.4392745739609855,0.43927457396098546,0.6157959795979597,model_pca_0.02,0.02,0.3791004964384852,0.46498022419841994
100,5,"[1000, 1000, 1000]",1.0,0.8,6,5,0.44559672597934447,0.4455967259793445,0.7247596759675965,model_pca_0.02,0.02,0.430383273182153,0.5150901758896063
100,5,"[1000, 1000, 1000]",1.0,0.8,7,5,0.43593991049514963,0.4359399104951497,0.6511419141914191,model_pca_0.02,0.02,0.44312647323179083,0.48329709466275006
100,5,"[1000, 1000, 1000]",1.0,0.8,8,5,0.44528386760528865,0.4452838676052887,0.7533825382538253,model_pca_0.02,0.02,0.656702344807462,0.5436792838660577
100,5,"[1000, 1000, 1000]",1.0,0.8,9,5,0.4511238219795777,0.4511238219795777,0.6067998799879988,model_pca_0.02,0.02,0.3596637935392338,0.4858637560319954
100,5,"[1000, 1000, 1000]",1.0,0.8,10,5,0.43544485418173556,0.4354448541817356,0.7980030003000299,model_pca_0.02,0.02,0.6720111649136394,0.5664581803932168
100,5,"[1000, 1000, 1000]",1.0,0.8,11,5,0.43938251132296885,0.4393825113229688,0.6881776177617762,model_pca_0.02,0.02,0.5388036345894195,0.5169102670225728
100,5,"[1000, 1000, 1000]",1.0,0.8,12,5,0.4422212529909649,0.44222125299096493,0.7216249624962495,model_pca_0.02,0.02,0.5458127432328356,0.5178890370746061
100,5,"[1000, 1000, 1000]",1.0,0.8,13,5,0.4589360934830092,0.45893609348300923,0.6181410141014101,model_pca_0.02,0.02,0.4143780849213068,0.49176543246559595
100,5,"[1000, 1000, 1000]",1.0,0.8,15,5,0.44503906588787334,0.44503906588787334,0.7016621662166216,model_pca_0.02,0.02,0.4914204358978354,0.5153664933025008
100,5,"[1000, 1000, 1000]",1.0,0.8,14,5,0.4461911268606709,0.446191126860671,0.849192919291929,model_pca_0.02,0.02,0.6898300846643306,0.5821945466712518
100,5,"[1000, 1000, 1000]",1.0,0.8,16,5,0.44425424080660125,0.44425424080660125,0.7534977497749773,model_pca_0.02,0.02,0.5216745642628545,0.5391795567681199
100,5,"[1000, 1000, 1000]",1.0,0.8,17,5,0.4383576050296054,0.4383576050296053,0.7202256225622561,model_pca_0.02,0.02,0.5253554974775974,0.5307135927864329
100,5,"[1000, 1000, 1000]",1.0,0.8,19,5,0.43060251367036456,0.4306025136703646,0.7287056705670566,model_pca_0.02,0.02,0.530207764592657,0.5354834422974439
100,5,"[1000, 1000, 1000]",1.0,0.8,18,5,0.4540214524283727,0.4540214524283728,0.679011101110111,model_pca_0.02,0.02,0.4954405811595914,0.5159920140531646
100,15,"[1000, 1000, 1000]",1.0,0.8,0,15,0.8149461595210804,0.8149461595210805,0.5633995399539954,model_pca_0.02,0.02,0.3105432985591375,0.3866709740429228
100,15,"[1000, 1000, 1000]",1.0,0.8,2,14,0.7913300381456209,0.791330038145621,0.5488204820482048,model_pca_0.02,0.02,0.23967105618550122,0.35079158523861637
100,15,"[1000, 1000, 1000]",1.0,0.8,1,15,0.8096648266022451,0.8096648266022451,0.5232723272327232,model_pca_0.02,0.02,0.257066455201108,0.3568769487913223
100,15,"[1000, 1000, 1000]",1.0,0.8,3,15,0.8076560851723511,0.8076560851723512,0.5674191419141913,model_pca_0.02,0.02,0.2822330630412292,0.3790396090499824
100,15,"[1000, 1000, 1000]",1.0,0.8,4,15,0.8164515398087767,0.8164515398087767,0.5135833583358336,model_pca_0.02,0.02,0.2219499792181561,0.34720158526945555
100,15,"[1000, 1000, 1000]",1.0,0.8,5,15,0.8101009770164541,0.8101009770164541,0.527043104310431,model_pca_0.02,0.02,0.2534721244283457,0.36861749807913424
100,15,"[1000, 1000, 1000]",1.0,0.8,6,15,0.8104107477081177,0.8104107477081177,0.5167036703670366,model_pca_0.02,0.02,0.25362215890355677,0.36804917041705676
100,15,"[1000, 1000, 1000]",1.0,0.8,7,15,0.8071421837393985,0.8071421837393985,0.5306226622662266,model_pca_0.02,0.02,0.26231850107948157,0.3739153049266318
100,15,"[1000, 1000, 1000]",1.0,0.8,8,15,0.8111627391655335,0.8111627391655335,0.5266870687068707,model_pca_0.02,0.02,0.2504031642062067,0.3596717091643326
100,15,"[1000, 1000, 1000]",1.0,0.8,9,15,0.8091794524768665,0.8091794524768665,0.5116759675967595,model_pca_0.02,0.02,0.2581370930111475,0.36277788586573984
100,15,"[1000, 1000, 1000]",1.0,0.8,11,15,0.8067778251484885,0.8067778251484884,0.557068506850685,model_pca_0.02,0.02,0.2633856081127865,0.3613043434140275
100,15,"[1000, 1000, 1000]",1.0,0.8,10,15,0.8124685983023805,0.8124685983023805,0.5388018801880186,model_pca_0.02,0.02,0.27814676379100045,0.36829955647695484
100,15,"[1000, 1000, 1000]",1.0,0.8,13,15,0.8044613759620254,0.8044613759620254,0.5073539353935393,model_pca_0.02,0.02,0.24569397413906538,0.35634189340638944
100,15,"[1000, 1000, 1000]",1.0,0.8,12,15,0.8045310564677178,0.8045310564677177,0.5362432243224322,model_pca_0.02,0.02,0.2528551352420037,0.36370458116397103
100,15,"[1000, 1000, 1000]",1.0,0.8,15,15,0.8087141068044419,0.8087141068044419,0.5483180318031804,model_pca_0.02,0.02,0.2807167859984975,0.3781425235993938
100,15,"[1000, 1000, 1000]",1.0,0.8,14,15,0.797315436453928,0.797315436453928,0.5623490349034903,model_pca_0.02,0.02,0.3031527861792764,0.37497421033566314
100,15,"[1000, 1000, 1000]",1.0,0.8,17,15,0.803656374359964,0.8036563743599641,0.5370361036103609,model_pca_0.02,0.02,0.28815561193064543,0.3676562445320899
100,15,"[1000, 1000, 1000]",1.0,0.8,18,15,0.8096599214457664,0.8096599214457664,0.5632347234723472,model_pca_0.02,0.02,0.2743788611907675,0.3766098652265588
100,15,"[1000, 1000, 1000]",1.0,0.8,16,15,0.8057526666532242,0.8057526666532242,0.5192919291929192,model_pca_0.02,0.02,0.23862454735920244,0.35569012648804604
100,15,"[1000, 1000, 1000]",1.0,0.8,19,15,0.8044486968096812,0.8044486968096812,0.5186454645464547,model_pca_0.02,0.02,0.22607813367700968,0.34992148178634574
100,20,"[1000, 1000, 1000]",1.0,0.8,1,19,0.867360614014573,0.867360614014573,0.4854509450945095,model_pca_0.02,0.02,0.2026329768677926,0.305351600601953
100,20,"[1000, 1000, 1000]",1.0,0.8,0,18,0.8543134973884654,0.8543134973884654,0.5178289828982898,model_pca_0.02,0.02,0.20959633427739296,0.32714797580312105
100,20,"[1000, 1000, 1000]",1.0,0.8,2,18,0.8502964460829724,0.8502964460829723,0.4808976897689769,model_pca_0.02,0.02,0.1960076579372431,0.30989194111479795
100,20,"[1000, 1000, 1000]",1.0,0.8,3,19,0.8613026050242624,0.8613026050242623,0.5002796279627962,model_pca_0.02,0.02,0.22548276523874702,0.3371312764058224
100,20,"[1000, 1000, 1000]",1.0,0.8,4,19,0.8603949667575307,0.8603949667575306,0.5358739873987398,model_pca_0.02,0.02,0.22395152340366184,0.340225377916628
100,20,"[1000, 1000, 1000]",1.0,0.8,7,18,0.8476830813995863,0.8476830813995863,0.5143588358835884,model_pca_0.02,0.02,0.22849298249972466,0.33682871984271034
100,20,"[1000, 1000, 1000]",1.0,0.8,5,19,0.8635286166276845,0.8635286166276845,0.4898691869186919,model_pca_0.02,0.02,0.2027875650876979,0.31907051381886303
100,20,"[1000, 1000, 1000]",1.0,0.8,6,19,0.8672877302358676,0.8672877302358677,0.4949138913891389,model_pca_0.02,0.02,0.19777128364473912,0.3125824023025857
100,20,"[1000, 1000, 1000]",1.0,0.8,8,19,0.8645107812020608,0.8645107812020607,0.5167314731473146,model_pca_0.02,0.02,0.2266238154326093,0.3297496372286588
100,20,"[1000, 1000, 1000]",1.0,0.8,10,19,0.863201406176089,0.8632014061760891,0.5240024002400239,model_pca_0.02,0.02,0.2496894203555235,0.34004006403660136
100,20,"[1000, 1000, 1000]",1.0,0.8,9,18,0.8451388930483835,0.8451388930483835,0.5229762976297629,model_pca_0.02,0.02,0.22220873286599208,0.32947320827246995
100,20,"[1000, 1000, 1000]",1.0,0.8,11,19,0.8690228850752089,0.8690228850752089,0.49590099009900984,model_pca_0.02,0.02,0.21780997046519338,0.3253081302354913
100,20,"[1000, 1000, 1000]",1.0,0.8,13,19,0.8640971153775086,0.8640971153775086,0.5249102910291029,model_pca_0.02,0.02,0.21463969714239617,0.33141080730347006
100,20,"[1000, 1000, 1000]",1.0,0.8,12,19,0.8656473371128445,0.8656473371128445,0.507048304830483,model_pca_0.02,0.02,0.22363305435251887,0.3220069551224542
100,20,"[1000, 1000, 1000]",1.0,0.8,14,19,0.862053913140915,0.862053913140915,0.5060528052805279,model_pca_0.02,0.02,0.254989365250202,0.34756693105622916
100,20,"[1000, 1000, 1000]",1.0,0.8,15,19,0.861350719904801,0.8613507199048012,0.5024308430843084,model_pca_0.02,0.02,0.235247158470417,0.3423772934377665
100,20,"[1000, 1000, 1000]",1.0,0.8,16,19,0.8564777967182297,0.8564777967182295,0.498148814881488,model_pca_0.02,0.02,0.23132841341651714,0.3277491545159491
100,20,"[1000, 1000, 1000]",1.0,0.8,17,18,0.8514617128414629,0.851461712841463,0.4882976297629763,model_pca_0.02,0.02,0.20123377473714524,0.3207125802953293
100,20,"[1000, 1000, 1000]",1.0,0.8,19,19,0.8614785972696541,0.8614785972696541,0.49889348934893485,model_pca_0.02,0.02,0.23370150924314334,0.3328031717172849
100,20,"[1000, 1000, 1000]",1.0,0.8,18,19,0.86059961364412,0.8605996136441199,0.49722532253225327,model_pca_0.02,0.02,0.20635483186877238,0.31819218896973134
100,25,"[1000, 1000, 1000]",1.0,0.8,0,19,0.8258175239575553,0.8258175239575553,0.5122232223222322,model_pca_0.02,0.02,0.22239387080517417,0.31662995992401943
100,25,"[1000, 1000, 1000]",1.0,0.8,1,19,0.8217822465674122,0.8217822465674123,0.44397815781578154,model_pca_0.02,0.02,0.19151462232273378,0.28873895086208307
100,25,"[1000, 1000, 1000]",1.0,0.8,2,19,0.8258697418011757,0.8258697418011757,0.4806139813981398,model_pca_0.02,0.02,0.20056373042487213,0.30237403191290685
100,25,"[1000, 1000, 1000]",1.0,0.8,3,20,0.8397642187851861,0.8397642187851863,0.4708032403240323,model_pca_0.02,0.02,0.18568047294908133,0.2880817228738222
100,25,"[1000, 1000, 1000]",1.0,0.8,4,20,0.8380676254924161,0.838067625492416,0.4439498349834983,model_pca_0.02,0.02,0.1708918954017453,0.2746912621469253
100,25,"[1000, 1000, 1000]",1.0,0.8,6,20,0.8459710100127568,0.8459710100127567,0.4728381638163816,model_pca_0.02,0.02,0.19215436709356942,0.2964038664707275
100,25,"[1000, 1000, 1000]",1.0,0.8,5,20,0.8413809476433277,0.8413809476433276,0.4879015901590158,model_pca_0.02,0.02,0.20564833791104042,0.30396058600598885
100,25,"[1000, 1000, 1000]",1.0,0.8,7,20,0.8386221392254859,0.8386221392254859,0.4559270327032703,model_pca_0.02,0.02,0.18194964160463073,0.2836266415364947
100,25,"[1000, 1000, 1000]",1.0,0.8,8,21,0.869926644079742,0.8699266440797421,0.46427698769876985,model_pca_0.02,0.02,0.18429975326551307,0.2959298033870789
100,25,"[1000, 1000, 1000]",1.0,0.8,11,20,0.8427423741438709,0.8427423741438708,0.4633605760576057,model_pca_0.02,0.02,0.19185751819684566,0.299358914360511
100,25,"[1000, 1000, 1000]",1.0,0.8,9,20,0.8499463043892255,0.8499463043892255,0.457638403840384,model_pca_0.02,0.02,0.1921510323877495,0.2980855661251434
100,25,"[1000, 1000, 1000]",1.0,0.8,10,19,0.817780607680518,0.8177806076805181,0.5049653765376537,model_pca_0.02,0.02,0.21842675208613851,0.32108281113604153
100,25,"[1000, 1000, 1000]",1.0,0.8,12,20,0.8540954987541237,0.8540954987541238,0.49435007500750067,model_pca_0.02,0.02,0.19968582546623628,0.29494999303204644
100,25,"[1000, 1000, 1000]",1.0,0.8,15,19,0.8279861713504427,0.8279861713504428,0.4840295229522952,model_pca_0.02,0.02,0.1956904652797511,0.30690812363988795
100,25,"[1000, 1000, 1000]",1.0,0.8,14,20,0.8450782900699881,0.8450782900699882,0.4483926792679267,model_pca_0.02,0.02,0.1773111355388981,0.2807479491757542
100,25,"[1000, 1000, 1000]",1.0,0.8,13,21,0.8575170454180857,0.8575170454180857,0.47882004200420025,model_pca_0.02,0.02,0.18999160270837268,0.29704679249403676
100,25,"[1000, 1000, 1000]",1.0,0.8,16,19,0.8337473411137412,0.8337473411137413,0.4780716471647164,model_pca_0.02,0.02,0.18302948876557068,0.2917189913735644
100,25,"[1000, 1000, 1000]",1.0,0.8,17,19,0.8345674268477775,0.8345674268477776,0.47230195019501947,model_pca_0.02,0.02,0.17977550701693096,0.29433147361410256
100,25,"[1000, 1000, 1000]",1.0,0.8,19,20,0.8434451185491847,0.8434451185491848,0.47196735673567347,model_pca_0.02,0.02,0.19340945210390462,0.3071650781501068
100,25,"[1000, 1000, 1000]",1.0,0.8,18,21,0.8618910581527236,0.8618910581527236,0.47376129612961293,model_pca_0.02,0.02,0.2014564381292718,0.30389782958483424
100,30,"[1000, 1000, 1000]",1.0,0.8,0,20,0.815374118632347,0.815374118632347,0.4486960696069607,model_pca_0.02,0.02,0.16732186242983593,0.2664541907902885
100,30,"[1000, 1000, 1000]",1.0,0.8,2,21,0.8304432494350419,0.830443249435042,0.46004800480047997,model_pca_0.02,0.02,0.16527026136414374,0.26376627765920563
100,30,"[1000, 1000, 1000]",1.0,0.8,1,20,0.8057929379277794,0.8057929379277794,0.4529640964096409,model_pca_0.02,0.02,0.17461810739415334,0.27786264944202943
100,30,"[1000, 1000, 1000]",1.0,0.8,3,22,0.846651889669943,0.846651889669943,0.45460946094609456,model_pca_0.02,0.02,0.17796651866696855,0.28280412496309276
100,30,"[1000, 1000, 1000]",1.0,0.8,4,21,0.8299905352552325,0.8299905352552324,0.44743674367436725,model_pca_0.02,0.02,0.17642481283748734,0.278386194761029
100,30,"[1000, 1000, 1000]",1.0,0.8,5,21,0.8247189939895722,0.824718993989572,0.4431723172317232,model_pca_0.02,0.02,0.1641664422643072,0.2672372486745041
100,30,"[1000, 1000, 1000]",1.0,0.8,6,21,0.8234789879256499,0.8234789879256499,0.43963556355635564,model_pca_0.02,0.02,0.16654193243009535,0.27109778661980116
100,30,"[1000, 1000, 1000]",1.0,0.8,7,20,0.8084451051321618,0.8084451051321618,0.4705386538653864,model_pca_0.02,0.02,0.18366872447634222,0.28314634180682624
100,30,"[1000, 1000, 1000]",1.0,0.8,8,21,0.8274620718053808,0.8274620718053808,0.43876107610761067,model_pca_0.02,0.02,0.14193129439606694,0.2544063475530901
100,30,"[1000, 1000, 1000]",1.0,0.8,9,21,0.8201203211886899,0.8201203211886899,0.4501534153415341,model_pca_0.02,0.02,0.1600778363071872,0.25935532175698567
100,30,"[1000, 1000, 1000]",1.0,0.8,11,21,0.8235655116773279,0.8235655116773279,0.46371197119711965,model_pca_0.02,0.02,0.18127999896238534,0.28541872275393104
100,30,"[1000, 1000, 1000]",1.0,0.8,10,22,0.8451570311034834,0.8451570311034835,0.4583070307030703,model_pca_0.02,0.02,0.1603613151494893,0.26570779224330776
100,30,"[1000, 1000, 1000]",1.0,0.8,12,21,0.8184814284695209,0.8184814284695208,0.45431263126312627,model_pca_0.02,0.02,0.17583241670035987,0.27731046748225385
100,30,"[1000, 1000, 1000]",1.0,0.8,13,20,0.8069934193242428,0.806993419324243,0.47389098909890986,model_pca_0.02,0.02,0.1744490901395141,0.27533195301279484
100,30,"[1000, 1000, 1000]",1.0,0.8,15,20,0.8058016276290929,0.8058016276290929,0.4503674367436743,model_pca_0.02,0.02,0.17173904543149704,0.2704705189348642
100,30,"[1000, 1000, 1000]",1.0,0.8,14,21,0.8225687328530764,0.8225687328530765,0.47887268726872684,model_pca_0.02,0.02,0.18899094934943153,0.28684142070381263
100,30,"[1000, 1000, 1000]",1.0,0.8,16,20,0.8022425870614986,0.8022425870614986,0.44372997299729966,model_pca_0.02,0.02,0.16657696313908155,0.2636017163685824
100,30,"[1000, 1000, 1000]",1.0,0.8,17,21,0.8268840436848893,0.8268840436848894,0.4353135313531353,model_pca_0.02,0.02,0.16283407253193805,0.2678966278566931
100,30,"[1000, 1000, 1000]",1.0,0.8,19,21,0.8241922412957329,0.824192241295733,0.4452413241324132,model_pca_0.02,0.02,0.1528924562384028,0.26286311460736056
100,30,"[1000, 1000, 1000]",1.0,0.8,18,22,0.8441735646176847,0.8441735646176846,0.4438323832383238,model_pca_0.02,0.02,0.1694172007390094,0.26881481874579294
100,40,"[1000, 1000, 1000]",1.0,0.8,0,21,0.7587029023838671,0.7587029023838671,0.41185118511851176,model_pca_0.02,0.02,0.126167728927891,0.21872601880380013
100,40,"[1000, 1000, 1000]",1.0,0.8,1,21,0.7517836578628408,0.751783657862841,0.42322382238223816,model_pca_0.02,0.02,0.1388044481114249,0.23185002267538982
100,40,"[1000, 1000, 1000]",1.0,0.8,2,22,0.7796730495329934,0.7796730495329933,0.42055805580558053,model_pca_0.02,0.02,0.13671190513279818,0.22819385013997748
100,40,"[1000, 1000, 1000]",1.0,0.8,3,22,0.7691475189220252,0.7691475189220252,0.404992499249925,model_pca_0.02,0.02,0.13171521236149605,0.22379460674638807
100,40,"[1000, 1000, 1000]",1.0,0.8,4,22,0.7674621310202291,0.7674621310202292,0.4228157815781578,model_pca_0.02,0.02,0.13749379938201176,0.23552900028615273
100,40,"[1000, 1000, 1000]",1.0,0.8,5,22,0.7724863100685188,0.7724863100685189,0.4261932193219321,model_pca_0.02,0.02,0.13900678197155564,0.23600536960215443
100,40,"[1000, 1000, 1000]",1.0,0.8,6,22,0.7718160456004369,0.7718160456004369,0.4159474947494749,model_pca_0.02,0.02,0.1363069560769664,0.23270068935297386
100,40,"[1000, 1000, 1000]",1.0,0.8,7,22,0.7779172720102018,0.7779172720102018,0.4296453645364536,model_pca_0.02,0.02,0.14412624173293295,0.235240834684169
100,40,"[1000, 1000, 1000]",1.0,0.8,8,21,0.7558469752315905,0.7558469752315904,0.41046774677467746,model_pca_0.02,0.02,0.1387669198125204,0.22268701606376934
100,40,"[1000, 1000, 1000]",1.0,0.8,9,21,0.7569597266021826,0.7569597266021826,0.4192796279627962,model_pca_0.02,0.02,0.13322197362350546,0.2303456701296927
100,40,"[1000, 1000, 1000]",1.0,0.8,10,21,0.7568955288826592,0.7568955288826592,0.42040984098409845,model_pca_0.02,0.02,0.14094587771492906,0.23447705029954785
100,40,"[1000, 1000, 1000]",1.0,0.8,11,21,0.7559036326308061,0.7559036326308062,0.41703120312031194,model_pca_0.02,0.02,0.13494715836731508,0.2324975594235135
100,40,"[1000, 1000, 1000]",1.0,0.8,12,22,0.7700421537539315,0.7700421537539315,0.4205364536453645,model_pca_0.02,0.02,0.14478550824041272,0.24348467243306765
100,40,"[1000, 1000, 1000]",1.0,0.8,13,21,0.7538316794743953,0.7538316794743953,0.4159555955595559,model_pca_0.02,0.02,0.14246557333085008,0.23977482433725605
100,40,"[1000, 1000, 1000]",1.0,0.8,14,20,0.7459890455268549,0.7459890455268549,0.4332178217821781,model_pca_0.02,0.02,0.13152269340878936,0.22928824928023736
100,40,"[1000, 1000, 1000]",1.0,0.8,15,21,0.7542261595801905,0.7542261595801905,0.4404158415841584,model_pca_0.02,0.02,0.14683001917042546,0.24350817336062427
100,40,"[1000, 1000, 1000]",1.0,0.8,16,21,0.7519999759518194,0.7519999759518194,0.41309600960096005,model_pca_0.02,0.02,0.13200234108819447,0.2247900719475288
100,40,"[1000, 1000, 1000]",1.0,0.8,17,21,0.7655195744802842,0.7655195744802842,0.418114611461146,model_pca_0.02,0.02,0.13706915880652482,0.23016114886043387
100,40,"[1000, 1000, 1000]",1.0,0.8,18,21,0.755131517071206,0.755131517071206,0.443012901290129,model_pca_0.02,0.02,0.14490705886716646,0.238626253710523
100,40,"[1000, 1000, 1000]",1.0,0.8,19,21,0.757885290192076,0.7578852901920758,0.4292211221122112,model_pca_0.02,0.02,0.14238611575417154,0.23723267817338498
100,50,"[1000, 1000, 1000]",1.0,0.8,0,21,0.6947177873129681,0.694717787312968,0.3999563156315631,model_pca_0.02,0.02,0.12016284542589849,0.20776080278844347
100,50,"[1000, 1000, 1000]",1.0,0.8,1,22,0.7103832153219448,0.7103832153219448,0.39639939993999396,model_pca_0.02,0.02,0.12698926320675982,0.2132555969836701
100,50,"[1000, 1000, 1000]",1.0,0.8,2,21,0.706753638801113,0.706753638801113,0.40531821182118216,model_pca_0.02,0.02,0.12339994965772247,0.21540559353043534
100,50,"[1000, 1000, 1000]",1.0,0.8,3,21,0.6973037090810497,0.6973037090810495,0.41181926192619256,model_pca_0.02,0.02,0.12630301530822652,0.2120860697209514
100,50,"[1000, 1000, 1000]",1.0,0.8,4,22,0.7122139048261703,0.7122139048261704,0.4327001500150015,model_pca_0.02,0.02,0.1314190519325604,0.21918009565605226
100,50,"[1000, 1000, 1000]",1.0,0.8,5,21,0.704114978818508,0.7041149788185079,0.41183510351035096,model_pca_0.02,0.02,0.12164978525165443,0.20941073499133944
100,50,"[1000, 1000, 1000]",1.0,0.8,6,22,0.7233241500744488,0.7233241500744488,0.3966310231023102,model_pca_0.02,0.02,0.12800137286153965,0.20943274639237344
100,50,"[1000, 1000, 1000]",1.0,0.8,7,20,0.6846039656520649,0.6846039656520648,0.4131871587158716,model_pca_0.02,0.02,0.12449456095142769,0.20990762884149416
100,50,"[1000, 1000, 1000]",1.0,0.8,8,21,0.7011567888305801,0.7011567888305801,0.39593591359135905,model_pca_0.02,0.02,0.1215589576237746,0.20287628124562437
100,50,"[1000, 1000, 1000]",1.0,0.8,9,20,0.6852795234899326,0.6852795234899326,0.41298625862586247,model_pca_0.02,0.02,0.12426852171825033,0.2089112876288251
100,50,"[1000, 1000, 1000]",1.0,0.8,10,21,0.7034134930099665,0.7034134930099665,0.40386486648664854,model_pca_0.02,0.02,0.12194678024352229,0.20569316269559218
100,50,"[1000, 1000, 1000]",1.0,0.8,11,21,0.6916963100436684,0.6916963100436684,0.4140265226522652,model_pca_0.02,0.02,0.1329345897139361,0.2181879743822816
100,50,"[1000, 1000, 1000]",1.0,0.8,12,22,0.7197234589639852,0.7197234589639852,0.3970006600660066,model_pca_0.02,0.02,0.11416536287513608,0.20397940803278758
100,50,"[1000, 1000, 1000]",1.0,0.8,13,21,0.6983328520865171,0.6983328520865171,0.40090753075307534,model_pca_0.02,0.02,0.11951116785116894,0.20392473419498572
100,50,"[1000, 1000, 1000]",1.0,0.8,14,19,0.6556700812600328,0.6556700812600327,0.40522244224422443,model_pca_0.02,0.02,0.1250769669721876,0.20875980238590705
100,50,"[1000, 1000, 1000]",1.0,0.8,15,21,0.6982858649758498,0.6982858649758497,0.42190603060306026,model_pca_0.02,0.02,0.13337998905560183,0.2200069196139619
100,50,"[1000, 1000, 1000]",1.0,0.8,16,21,0.6964709708718115,0.6964709708718115,0.4057089708970896,model_pca_0.02,0.02,0.11960288143247819,0.20619927374812694
100,50,"[1000, 1000, 1000]",1.0,0.8,17,21,0.7041939026809086,0.7041939026809086,0.3977968196819682,model_pca_0.02,0.02,0.12163247318927621,0.2050716373216899
100,10,"[1000, 1000, 1000]",0.25,0.8,0,10,0.8450132511155628,0.8450132511155627,0.5591743174317431,model_pca_0.02,0.02,0.23317045402973796,0.4073688753346464
100,50,"[1000, 1000, 1000]",1.0,0.8,18,21,0.7025535147705709,0.7025535147705708,0.41120360036003595,model_pca_0.02,0.02,0.12673192668421976,0.2159631190937164
100,10,"[1000, 1000, 1000]",0.25,0.8,1,10,0.8468684003726487,0.8468684003726488,0.5756459645964596,model_pca_0.02,0.02,0.31100316589087823,0.4433209285071894
100,10,"[1000, 1000, 1000]",0.25,0.8,2,10,0.8400964809391359,0.8400964809391358,0.5741446144614462,model_pca_0.02,0.02,0.26389335671385,0.4158226043432168
100,50,"[1000, 1000, 1000]",1.0,0.8,19,21,0.7019192317110746,0.7019192317110747,0.40671419141914184,model_pca_0.02,0.02,0.12935162553630708,0.21136237439914002
100,10,"[1000, 1000, 1000]",0.25,0.8,4,10,0.8502762257235776,0.8502762257235777,0.649090909090909,model_pca_0.02,0.02,0.3434935587073987,0.4599413774792091
100,10,"[1000, 1000, 1000]",0.25,0.8,3,10,0.8499098200029741,0.8499098200029741,0.6506282628262825,model_pca_0.02,0.02,0.375692948801411,0.4682551313901739
100,10,"[1000, 1000, 1000]",0.25,0.8,5,10,0.8478335253685936,0.8478335253685936,0.5609192919291929,model_pca_0.02,0.02,0.284639593989209,0.41114940721363635
100,10,"[1000, 1000, 1000]",0.25,0.8,6,10,0.8501482621702573,0.8501482621702572,0.5866270627062706,model_pca_0.02,0.02,0.35118376197814,0.44680481944351613
100,10,"[1000, 1000, 1000]",0.25,0.8,7,10,0.8476795469701489,0.8476795469701488,0.5356375637563755,model_pca_0.02,0.02,0.23729742343197738,0.40447001945653666
100,10,"[1000, 1000, 1000]",0.25,0.8,8,10,0.8489923794634265,0.8489923794634265,0.6026042604260424,model_pca_0.02,0.02,0.3159930263283831,0.42928029507047893
100,10,"[1000, 1000, 1000]",0.25,0.8,9,10,0.8391945030580615,0.8391945030580615,0.6072619261926192,model_pca_0.02,0.02,0.3191859405833049,0.4350267640586951
100,10,"[1000, 1000, 1000]",0.25,0.8,10,10,0.8429017995593714,0.8429017995593713,0.6003660366036603,model_pca_0.02,0.02,0.3335256238757169,0.45577575150818533
100,10,"[1000, 1000, 1000]",0.25,0.8,12,10,0.8576897559678982,0.8576897559678982,0.5524824482448244,model_pca_0.02,0.02,0.34960891847462505,0.4444892954157672
100,10,"[1000, 1000, 1000]",0.25,0.8,11,10,0.8457320253641485,0.8457320253641485,0.5827734773477347,model_pca_0.02,0.02,0.28746099107035594,0.4378917554798948
100,10,"[1000, 1000, 1000]",0.25,0.8,13,10,0.8499138892926973,0.8499138892926973,0.5643840384038403,model_pca_0.02,0.02,0.2874582870388026,0.4329772813706822
100,10,"[1000, 1000, 1000]",0.25,0.8,14,10,0.834743341626324,0.834743341626324,0.5763696369636964,model_pca_0.02,0.02,0.29567475046887925,0.4416946942714102
100,10,"[1000, 1000, 1000]",0.25,0.8,15,10,0.8472235382578318,0.8472235382578318,0.5793723372337233,model_pca_0.02,0.02,0.2632184781118297,0.42996781826863983
100,10,"[1000, 1000, 1000]",0.25,0.8,16,10,0.8428940808234615,0.8428940808234615,0.57815901590159,model_pca_0.02,0.02,0.2897362222600835,0.4283523318448939
100,10,"[1000, 1000, 1000]",0.25,0.8,17,10,0.8422327762431535,0.8422327762431535,0.5842364236423642,model_pca_0.02,0.02,0.2548648423732713,0.428886726257417
100,10,"[1000, 1000, 1000]",0.25,0.8,18,10,0.8477644810242095,0.8477644810242095,0.5965460546054604,model_pca_0.02,0.02,0.3040452877353453,0.4482924738925385
100,10,"[1000, 1000, 1000]",0.25,0.8,19,10,0.8413767474044097,0.8413767474044097,0.5606708670867085,model_pca_0.02,0.02,0.24993246458161428,0.41492427814421906
100,10,"[1000, 1000, 1000]",0.5,0.8,0,10,0.7771869486491901,0.7771869486491901,0.5698625862586258,model_pca_0.02,0.02,0.30698337968686573,0.41250614276161646
100,10,"[1000, 1000, 1000]",0.5,0.8,1,10,0.7827683817608642,0.7827683817608642,0.6279411941194117,model_pca_0.02,0.02,0.3598283425605025,0.4610806205489123
100,10,"[1000, 1000, 1000]",0.5,0.8,2,10,0.7910431706772411,0.7910431706772411,0.5682460246024601,model_pca_0.02,0.02,0.29647884680307535,0.4125646773699835
100,10,"[1000, 1000, 1000]",0.5,0.8,3,10,0.7874384268292381,0.7874384268292381,0.6444656465646564,model_pca_0.02,0.02,0.38365578646285936,0.46406550901895127
100,10,"[1000, 1000, 1000]",0.5,0.8,4,10,0.7791009345079091,0.779100934507909,0.6142706270627061,model_pca_0.02,0.02,0.30779074079686697,0.4366369109402176
100,10,"[1000, 1000, 1000]",0.5,0.8,5,10,0.796887854795532,0.796887854795532,0.5539093909390937,model_pca_0.02,0.02,0.2283078761108224,0.39820304824958025
100,10,"[1000, 1000, 1000]",0.5,0.8,6,10,0.787430622906256,0.7874306229062561,0.5937941794179418,model_pca_0.02,0.02,0.2985368993111316,0.4379290633042217
100,10,"[1000, 1000, 1000]",0.5,0.8,8,10,0.7830518840883993,0.7830518840883993,0.6243300330033003,model_pca_0.02,0.02,0.3570906911287847,0.4466976163133536
100,10,"[1000, 1000, 1000]",0.5,0.8,7,10,0.777989408041725,0.7779894080417251,0.5208796879687967,model_pca_0.02,0.02,0.25158137557636345,0.3969943648273952
100,10,"[1000, 1000, 1000]",0.5,0.8,9,10,0.7826711284551339,0.7826711284551339,0.6013465346534652,model_pca_0.02,0.02,0.37390781069182044,0.443910357938891
100,10,"[1000, 1000, 1000]",0.5,0.8,10,10,0.7875189178475622,0.7875189178475623,0.5996051605160515,model_pca_0.02,0.02,0.37193417240751153,0.46173030408518306
100,10,"[1000, 1000, 1000]",0.5,0.8,11,10,0.7893874163686366,0.7893874163686366,0.5792979297929792,model_pca_0.02,0.02,0.3217382679154929,0.4292091701130588
100,10,"[1000, 1000, 1000]",0.5,0.8,12,10,0.7807358563158985,0.7807358563158984,0.5820258025802579,model_pca_0.02,0.02,0.35585600743374596,0.43116127558670586
100,10,"[1000, 1000, 1000]",0.5,0.8,13,10,0.7888827036923409,0.7888827036923409,0.5564668466846684,model_pca_0.02,0.02,0.3131519493613577,0.4258377697833215
100,10,"[1000, 1000, 1000]",0.5,0.8,14,10,0.7897278670032777,0.7897278670032777,0.5906786678667866,model_pca_0.02,0.02,0.31307022368182,0.442324205130368
100,10,"[1000, 1000, 1000]",0.5,0.8,15,10,0.7845474675148125,0.7845474675148125,0.6234143414341433,model_pca_0.02,0.02,0.318672878554137,0.44086399151170313
100,10,"[1000, 1000, 1000]",0.5,0.8,16,10,0.7794581336389941,0.779458133638994,0.5823654365436542,model_pca_0.02,0.02,0.3020295503266046,0.4266810776444297
100,10,"[1000, 1000, 1000]",0.5,0.8,17,10,0.7855348884839656,0.7855348884839655,0.6159087908790879,model_pca_0.02,0.02,0.34585044499048817,0.44729142885528655
100,10,"[1000, 1000, 1000]",0.5,0.8,18,10,0.7849191488857586,0.7849191488857585,0.5796003600360036,model_pca_0.02,0.02,0.33194944406725374,0.43681223309245915
100,10,"[1000, 1000, 1000]",0.5,0.8,19,10,0.7852998964198452,0.7852998964198451,0.5751407140714071,model_pca_0.02,0.02,0.29643459683585477,0.41350301751961166
100,10,"[1000, 1000, 1000]",0.75,0.8,0,10,0.7316256857579376,0.7316256857579376,0.5608640864086408,model_pca_0.02,0.02,0.2532708832607728,0.3964369927550591
100,10,"[1000, 1000, 1000]",0.75,0.8,2,10,0.7313375193083592,0.7313375193083591,0.5798331833183317,model_pca_0.02,0.02,0.2927613306420189,0.40883582702362153
100,10,"[1000, 1000, 1000]",0.75,0.8,1,10,0.7336652353474803,0.7336652353474802,0.5804692469246924,model_pca_0.02,0.02,0.3539945649015799,0.42060018248735737
100,10,"[1000, 1000, 1000]",0.75,0.8,3,10,0.7314382885458411,0.7314382885458411,0.6267326732673266,model_pca_0.02,0.02,0.3548577066013632,0.4368705463013583
100,10,"[1000, 1000, 1000]",0.75,0.8,4,10,0.7363293699626513,0.7363293699626514,0.6292529252925292,model_pca_0.02,0.02,0.3165707602176846,0.4389449601252166
100,10,"[1000, 1000, 1000]",0.75,0.8,5,10,0.7277051097127675,0.7277051097127674,0.5951311131113111,model_pca_0.02,0.02,0.3116897337482036,0.4170724829990225
100,10,"[1000, 1000, 1000]",0.75,0.8,6,10,0.7259710411812096,0.7259710411812097,0.6072019201920191,model_pca_0.02,0.02,0.3663558902566298,0.439102203267127
100,10,"[1000, 1000, 1000]",0.75,0.8,7,10,0.7172911945955603,0.7172911945955603,0.5582286228622861,model_pca_0.02,0.02,0.3126626172735569,0.40557891061896445
100,10,"[1000, 1000, 1000]",0.75,0.8,8,10,0.7349109689133172,0.7349109689133172,0.5558943894389438,model_pca_0.02,0.02,0.3634040223310896,0.433660883581424
100,10,"[1000, 1000, 1000]",0.75,0.8,10,10,0.7265816184137242,0.7265816184137242,0.6198187818781877,model_pca_0.02,0.02,0.37954290132768875,0.4578276239988702
100,10,"[1000, 1000, 1000]",0.75,0.8,9,10,0.7364040058223781,0.736404005822378,0.6352271227122712,model_pca_0.02,0.02,0.3499342641024556,0.43480164871635396
100,10,"[1000, 1000, 1000]",0.75,0.8,11,10,0.7299921350610173,0.7299921350610173,0.572051605160516,model_pca_0.02,0.02,0.31488565404873375,0.4106614519367977
100,10,"[1000, 1000, 1000]",0.75,0.8,12,10,0.7308956910060899,0.7308956910060898,0.584918091809181,model_pca_0.02,0.02,0.36763635794232796,0.43441779742889425
100,10,"[1000, 1000, 1000]",0.75,0.8,14,10,0.7268289700495719,0.7268289700495719,0.5513879387938793,model_pca_0.02,0.02,0.2771215357845616,0.40975526055433686
100,10,"[1000, 1000, 1000]",0.75,0.8,13,10,0.7275030001315071,0.727503000131507,0.6092613261326132,model_pca_0.02,0.02,0.3396883398019196,0.43942485188502267
100,10,"[1000, 1000, 1000]",0.75,0.8,16,10,0.7184345544354747,0.7184345544354747,0.6114719471947193,model_pca_0.02,0.02,0.33675936007621615,0.4306839412340044
100,10,"[1000, 1000, 1000]",0.75,0.8,15,10,0.7174912799740997,0.7174912799740997,0.5926336633663365,model_pca_0.02,0.02,0.31364350137791897,0.4258514207599403
100,10,"[1000, 1000, 1000]",0.75,0.8,18,10,0.7406503304922047,0.7406503304922047,0.5829930993099309,model_pca_0.02,0.02,0.3452041754277583,0.4313268759355848
100,10,"[1000, 1000, 1000]",0.75,0.8,17,10,0.7303881048064325,0.7303881048064325,0.599985598559856,model_pca_0.02,0.02,0.3860518670624757,0.4615147826998668
100,10,"[1000, 1000, 1000]",0.75,0.8,19,10,0.7324471109421472,0.7324471109421473,0.551019501950195,model_pca_0.02,0.02,0.2959231956258011,0.4100537857599932
100,10,"[1000, 1000, 1000]",1.25,0.8,0,10,0.6300529464942702,0.6300529464942703,0.5730957095709569,model_pca_0.02,0.02,0.29704893643977337,0.4044630543580191
100,10,"[1000, 1000, 1000]",1.25,0.8,1,10,0.6321654448466189,0.6321654448466187,0.6029126912691269,model_pca_0.02,0.02,0.37572045489507794,0.43023328521468274
100,10,"[1000, 1000, 1000]",1.25,0.8,2,10,0.6397574599722112,0.6397574599722113,0.5791491149114909,model_pca_0.02,0.02,0.34676643812135316,0.41725110868413423
100,10,"[1000, 1000, 1000]",1.25,0.8,4,10,0.6346774049090221,0.6346774049090221,0.5993567356735673,model_pca_0.02,0.02,0.30776869485077935,0.4126819162459708
100,10,"[1000, 1000, 1000]",1.25,0.8,3,10,0.6306299674063437,0.6306299674063438,0.6180750075007501,model_pca_0.02,0.02,0.4094970054305705,0.44372191811490413
100,10,"[1000, 1000, 1000]",1.25,0.8,5,10,0.6394998017638167,0.6394998017638168,0.5828154815481547,model_pca_0.02,0.02,0.2978904273174657,0.3963325367619765
100,10,"[1000, 1000, 1000]",1.25,0.8,6,10,0.6385617457564695,0.6385617457564694,0.5800036003600361,model_pca_0.02,0.02,0.3185011720273552,0.4253793111771829
100,10,"[1000, 1000, 1000]",1.25,0.8,8,10,0.6337352587067895,0.6337352587067895,0.5973705370537052,model_pca_0.02,0.02,0.3746615586020027,0.42191461945531156
100,10,"[1000, 1000, 1000]",1.25,0.8,7,10,0.6214172336060403,0.6214172336060402,0.5668826882688268,model_pca_0.02,0.02,0.31242213715083084,0.41368243155279566
100,10,"[1000, 1000, 1000]",1.25,0.8,9,10,0.6436485613809656,0.6436485613809656,0.6438667866786678,model_pca_0.02,0.02,0.376993620246237,0.4347249543178185
100,10,"[1000, 1000, 1000]",1.25,0.8,10,10,0.6358159644041365,0.6358159644041363,0.6190027002700269,model_pca_0.02,0.02,0.3684733421222939,0.43415565002434253
100,10,"[1000, 1000, 1000]",1.25,0.8,11,10,0.6433175869136122,0.6433175869136123,0.5851629162916291,model_pca_0.02,0.02,0.3615166528328887,0.41898970051280643
100,10,"[1000, 1000, 1000]",1.25,0.8,12,10,0.6300146299672014,0.6300146299672014,0.5986726672667266,model_pca_0.02,0.02,0.3627748969799625,0.4224639081534376
100,10,"[1000, 1000, 1000]",1.25,0.8,13,10,0.6349795328429372,0.6349795328429371,0.5743402340234023,model_pca_0.02,0.02,0.3349558616967171,0.4197904660470053
100,10,"[1000, 1000, 1000]",1.25,0.8,14,10,0.6399518438229449,0.639951843822945,0.5749090909090909,model_pca_0.02,0.02,0.30585449068294956,0.4217193599217574
100,10,"[1000, 1000, 1000]",1.25,0.8,15,10,0.6312870938244455,0.6312870938244453,0.6292709270927092,model_pca_0.02,0.02,0.4032568220395978,0.44286780008586607
100,10,"[1000, 1000, 1000]",1.25,0.8,16,10,0.6278446342780722,0.6278446342780721,0.5882844284428442,model_pca_0.02,0.02,0.29803497247795924,0.42566555531441536
100,10,"[1000, 1000, 1000]",1.25,0.8,17,10,0.6313908944838446,0.6313908944838447,0.576142814281428,model_pca_0.02,0.02,0.3065099890180175,0.41376265079472435
100,10,"[1000, 1000, 1000]",1.25,0.8,18,10,0.6479186647088279,0.647918664708828,0.5757407740774078,model_pca_0.02,0.02,0.3560878566806637,0.4133564901980209
100,10,"[1000, 1000, 1000]",1.25,0.8,19,10,0.6373435596568366,0.6373435596568366,0.5746678667866785,model_pca_0.02,0.02,0.3345790249304668,0.4072414852847086
100,10,"[1000, 1000, 1000]",1.5,0.8,0,10,0.5971883455191102,0.59718834551911,0.5830123012301229,model_pca_0.02,0.02,0.2879973956341428,0.40132711610791977
100,10,"[1000, 1000, 1000]",1.5,0.8,1,10,0.5927079392174206,0.5927079392174206,0.605209720972097,model_pca_0.02,0.02,0.3333398484089508,0.40396302149428337
100,10,"[1000, 1000, 1000]",1.5,0.8,2,10,0.6092948488025131,0.6092948488025131,0.5994947494749474,model_pca_0.02,0.02,0.3228418243302657,0.4190483397390742
100,10,"[1000, 1000, 1000]",1.5,0.8,3,10,0.5915011684394625,0.5915011684394624,0.650937893789379,model_pca_0.02,0.02,0.438508199889332,0.45180849167040044
100,10,"[1000, 1000, 1000]",1.5,0.8,4,10,0.6048160524482309,0.6048160524482309,0.6550159015901589,model_pca_0.02,0.02,0.42942962144175834,0.44868535866679016
100,10,"[1000, 1000, 1000]",1.5,0.8,5,10,0.5934729100849202,0.5934729100849203,0.5537797779777976,model_pca_0.02,0.02,0.24895217573853332,0.38094612709892994
100,10,"[1000, 1000, 1000]",1.5,0.8,6,10,0.5978080594588934,0.5978080594588933,0.5572325232523252,model_pca_0.02,0.02,0.3196696853772993,0.4090298192080513
100,10,"[1000, 1000, 1000]",1.5,0.8,9,10,0.5945033540385912,0.5945033540385913,0.6243336333633362,model_pca_0.02,0.02,0.3377128210232471,0.42597725727073327
100,10,"[1000, 1000, 1000]",1.5,0.8,7,10,0.5767287710967549,0.5767287710967549,0.6082208220822081,model_pca_0.02,0.02,0.34916775423482044,0.424627439520088
100,10,"[1000, 1000, 1000]",1.5,0.8,8,10,0.6010833328249561,0.6010833328249561,0.5720444044404439,model_pca_0.02,0.02,0.29918851230987203,0.40245167483063693
100,10,"[1000, 1000, 1000]",1.5,0.8,10,10,0.6040891060105736,0.6040891060105738,0.5923660366036603,model_pca_0.02,0.02,0.3835875479909501,0.42934015787860075
100,10,"[1000, 1000, 1000]",1.5,0.8,11,10,0.6000212194170037,0.6000212194170036,0.5598187818781878,model_pca_0.02,0.02,0.29153184977563396,0.3966167389989249
100,10,"[1000, 1000, 1000]",1.5,0.8,12,10,0.593207789895768,0.5932077898957678,0.5966144614461446,model_pca_0.02,0.02,0.3742495118751853,0.425173686247392
100,10,"[1000, 1000, 1000]",1.5,0.8,13,10,0.5985101344294989,0.598510134429499,0.5762148214821481,model_pca_0.02,0.02,0.32633400837134763,0.4095308241788061
100,10,"[1000, 1000, 1000]",1.5,0.8,14,10,0.5861093917362726,0.5861093917362726,0.5887968796879688,model_pca_0.02,0.02,0.33259637231901473,0.4200946367286417
100,10,"[1000, 1000, 1000]",1.5,0.8,15,10,0.5867933871171678,0.5867933871171678,0.6354323432343233,model_pca_0.02,0.02,0.3583037651594013,0.4281049332008787
100,10,"[1000, 1000, 1000]",1.5,0.8,16,10,0.5853197692384594,0.5853197692384594,0.6126540654065407,model_pca_0.02,0.02,0.3196922727975998,0.4304732079778578
100,10,"[1000, 1000, 1000]",1.5,0.8,17,10,0.5946556257366461,0.5946556257366462,0.616151215121512,model_pca_0.02,0.02,0.36582949282707333,0.43503521548877605
100,10,"[1000, 1000, 1000]",1.5,0.8,18,10,0.5974062723036688,0.5974062723036688,0.569156915691569,model_pca_0.02,0.02,0.29858657773711367,0.39998786380841095
100,10,"[1000, 1000, 1000]",1.75,0.8,1,10,0.5461181028418288,0.5461181028418289,0.576166816681668,model_pca_0.02,0.02,0.3381125058771605,0.40603386061731117
100,10,"[1000, 1000, 1000]",1.5,0.8,19,10,0.5889385141934874,0.5889385141934875,0.5711119111911191,model_pca_0.02,0.02,0.3216470673878122,0.40701953683598396
100,10,"[1000, 1000, 1000]",1.75,0.8,0,10,0.5548833067093746,0.5548833067093747,0.5932073207320732,model_pca_0.02,0.02,0.2874460404160575,0.38981596495518966
100,10,"[1000, 1000, 1000]",1.75,0.8,2,10,0.5688573215847723,0.5688573215847723,0.5651965196519652,model_pca_0.02,0.02,0.3025833857626167,0.392380777979017
100,10,"[1000, 1000, 1000]",1.75,0.8,4,10,0.5620905771956979,0.5620905771956979,0.5979393939393939,model_pca_0.02,0.02,0.32812753740472167,0.4098057338615801
100,10,"[1000, 1000, 1000]",1.75,0.8,3,10,0.5581846098161558,0.5581846098161558,0.6212277227722771,model_pca_0.02,0.02,0.3907589909193775,0.4340634432732874
100,10,"[1000, 1000, 1000]",1.75,0.8,5,10,0.5557774647540993,0.5557774647540993,0.585118511851185,model_pca_0.02,0.02,0.28238808188470244,0.3836032253600051
100,10,"[1000, 1000, 1000]",1.75,0.8,6,10,0.5747209177536015,0.5747209177536015,0.5923060306030602,model_pca_0.02,0.02,0.3372864375052385,0.4313582070943739
100,10,"[1000, 1000, 1000]",1.75,0.8,7,10,0.5423640145405689,0.542364014540569,0.5441464146414641,model_pca_0.02,0.02,0.2829632244792487,0.3786578940985074
100,10,"[1000, 1000, 1000]",1.75,0.8,8,10,0.5554344348954009,0.555434434895401,0.6097965796579659,model_pca_0.02,0.02,0.34563606159141025,0.42031724874553444
100,10,"[1000, 1000, 1000]",1.75,0.8,10,10,0.5507572533193381,0.550757253319338,0.6065022502250224,model_pca_0.02,0.02,0.39512685963194744,0.42980466839227555
100,10,"[1000, 1000, 1000]",1.75,0.8,9,10,0.5598256351122567,0.5598256351122567,0.6429522952295229,model_pca_0.02,0.02,0.39533968445566486,0.44429783737737033
100,10,"[1000, 1000, 1000]",1.75,0.8,12,10,0.5555480471652864,0.5555480471652865,0.6025082508250823,model_pca_0.02,0.02,0.34737957680651627,0.41919865591001915
100,10,"[1000, 1000, 1000]",1.75,0.8,11,10,0.5625897451116583,0.5625897451116584,0.5431215121512151,model_pca_0.02,0.02,0.2611729465964625,0.37674812127117185
100,10,"[1000, 1000, 1000]",1.75,0.8,13,10,0.5708061649336936,0.5708061649336935,0.585054905490549,model_pca_0.02,0.02,0.33391380274106147,0.40937804138906225
100,10,"[1000, 1000, 1000]",1.75,0.8,14,10,0.5453837866854291,0.545383786685429,0.5808388838883888,model_pca_0.02,0.02,0.3360032085486414,0.4151504819942827
100,10,"[1000, 1000, 1000]",1.75,0.8,15,10,0.5404291986238937,0.5404291986238937,0.5753867386738672,model_pca_0.02,0.02,0.3315172453515275,0.4031161362079353
100,10,"[1000, 1000, 1000]",1.75,0.8,16,10,0.5527809076319042,0.5527809076319044,0.6003060306030603,model_pca_0.02,0.02,0.3043727357685053,0.4139904365866825
100,10,"[1000, 1000, 1000]",1.75,0.8,17,10,0.5662286142473497,0.5662286142473497,0.5836675667566756,model_pca_0.02,0.02,0.3329865646781768,0.4177972154173656
100,10,"[1000, 1000, 1000]",1.75,0.8,18,10,0.5604893849399598,0.5604893849399597,0.5677371737173716,model_pca_0.02,0.02,0.27838825224888064,0.3909154057794557
100,10,"[1000, 1000, 1000]",1.75,0.8,19,10,0.5451367344267484,0.5451367344267484,0.5911707170717071,model_pca_0.02,0.02,0.3053749796224187,0.40101339833628485
100,10,"[1000, 1000, 1000]",2.0,0.8,0,10,0.5208325326247966,0.5208325326247966,0.5738865886588658,model_pca_0.02,0.02,0.31690667332015965,0.39877847843931286
100,10,"[1000, 1000, 1000]",2.0,0.8,1,10,0.5188554919021531,0.5188554919021531,0.5965556555655566,model_pca_0.02,0.02,0.34721389372629863,0.41517291108075266
100,10,"[1000, 1000, 1000]",2.0,0.8,2,10,0.52717284191591,0.5271728419159099,0.6007344734473448,model_pca_0.02,0.02,0.3620312593735155,0.42290444002846705
100,10,"[1000, 1000, 1000]",2.0,0.8,3,10,0.5260157768684205,0.5260157768684204,0.6253717371737173,model_pca_0.02,0.02,0.3759469631854208,0.4355831183195936
100,10,"[1000, 1000, 1000]",2.0,0.8,4,10,0.5355341947679515,0.5355341947679515,0.5976861686168616,model_pca_0.02,0.02,0.3287775761338121,0.40773661181630144
100,10,"[1000, 1000, 1000]",2.0,0.8,5,10,0.5253051866821907,0.5253051866821907,0.5896417641764176,model_pca_0.02,0.02,0.3236245761507604,0.39505161971425073
100,10,"[1000, 1000, 1000]",2.0,0.8,6,10,0.5242275371516705,0.5242275371516705,0.5776441644164416,model_pca_0.02,0.02,0.316262067193952,0.40158318530926024
100,10,"[1000, 1000, 1000]",2.0,0.8,7,10,0.5046438422803923,0.5046438422803923,0.6105286528652866,model_pca_0.02,0.02,0.3472503144162603,0.42181639930260034
100,10,"[1000, 1000, 1000]",2.0,0.8,8,10,0.5265834563355885,0.5265834563355885,0.6057353735373536,model_pca_0.02,0.02,0.3291136774700004,0.40037809201273933
100,10,"[1000, 1000, 1000]",2.0,0.8,9,10,0.5176116008093862,0.5176116008093862,0.6039567956795678,model_pca_0.02,0.02,0.35188240348448735,0.42533852471638794
100,10,"[1000, 1000, 1000]",2.0,0.8,10,10,0.5342538302212109,0.5342538302212108,0.6373933393339334,model_pca_0.02,0.02,0.41679108728923864,0.4393332360440049
100,10,"[1000, 1000, 1000]",2.0,0.8,12,10,0.5218464774266663,0.5218464774266663,0.5532805280528051,model_pca_0.02,0.02,0.3230878190138453,0.4008549238802797
100,10,"[1000, 1000, 1000]",2.0,0.8,11,10,0.5274017903513942,0.5274017903513941,0.5933069306930692,model_pca_0.02,0.02,0.3186117458013045,0.40403626050946906
100,10,"[1000, 1000, 1000]",2.0,0.8,13,10,0.5245660594334066,0.5245660594334067,0.574007800780078,model_pca_0.02,0.02,0.30552040510185213,0.39364994320013885
100,10,"[1000, 1000, 1000]",2.0,0.8,14,10,0.5249833660125022,0.5249833660125021,0.5905934593459345,model_pca_0.02,0.02,0.2993469967698106,0.4035835343497379
100,10,"[1000, 1000, 1000]",2.0,0.8,15,10,0.5127098280544665,0.5127098280544665,0.6137773777377736,model_pca_0.02,0.02,0.3011023961241474,0.4103309753557091
100,10,"[1000, 1000, 1000]",2.0,0.8,16,10,0.5161983243476075,0.5161983243476075,0.6189090909090909,model_pca_0.02,0.02,0.3310868624660797,0.42421665752848875
100,10,"[1000, 1000, 1000]",2.0,0.8,17,10,0.5201673920033917,0.5201673920033918,0.5993267326732673,model_pca_0.02,0.02,0.31477628257191775,0.409492137792652
100,10,"[1000, 1000, 1000]",2.0,0.8,18,10,0.5293900663564696,0.5293900663564696,0.5642928292829283,model_pca_0.02,0.02,0.33384439280848266,0.4062165125386094
100,10,"[1000, 1000, 1000]",2.0,0.8,19,10,0.5311167331226282,0.5311167331226282,0.5623066306630662,model_pca_0.02,0.02,0.2831097159563496,0.39267160340808643
100,10,"[1000, 1000, 1000]",2.5,0.8,0,10,0.4603823704613215,0.4603823704613216,0.5928628862886288,model_pca_0.02,0.02,0.32374472724562514,0.3941100718842471
100,10,"[1000, 1000, 1000]",2.5,0.8,1,10,0.4623881549372775,0.4623881549372775,0.5590111011101109,model_pca_0.02,0.02,0.27472942134906375,0.3849475654518969
100,10,"[1000, 1000, 1000]",2.5,0.8,2,10,0.4745279371247491,0.47452793712474917,0.5925544554455445,model_pca_0.02,0.02,0.33096053363634403,0.4047093430056266
100,10,"[1000, 1000, 1000]",2.5,0.8,3,10,0.4765090165223329,0.4765090165223329,0.5970753075307531,model_pca_0.02,0.02,0.35878138463993825,0.41356208038562847
100,10,"[1000, 1000, 1000]",2.5,0.8,4,10,0.4765517706036628,0.4765517706036628,0.6274695469546955,model_pca_0.02,0.02,0.3248334117679154,0.4033327839709899
100,10,"[1000, 1000, 1000]",2.5,0.8,5,10,0.4707648339811165,0.47076483398111657,0.6009384938493849,model_pca_0.02,0.02,0.28669170047021425,0.38536625877436437
100,10,"[1000, 1000, 1000]",2.5,0.8,6,10,0.4698960926912504,0.46989609269125043,0.5326228622862287,model_pca_0.02,0.02,0.2849248779041762,0.3644513113388361
100,10,"[1000, 1000, 1000]",2.5,0.8,7,10,0.45897989950815293,0.458979899508153,0.5693153315331532,model_pca_0.02,0.02,0.30499116258513026,0.3856682127292972
100,10,"[1000, 1000, 1000]",2.5,0.8,8,10,0.47130745351767184,0.4713074535176719,0.5968064806480647,model_pca_0.02,0.02,0.30491565266620707,0.39989323845319613
100,10,"[1000, 1000, 1000]",2.5,0.8,9,10,0.4640057556678061,0.4640057556678062,0.6270255025502549,model_pca_0.02,0.02,0.3917363263374989,0.4256771726852429
100,10,"[1000, 1000, 1000]",2.5,0.8,10,10,0.47871092883472355,0.47871092883472355,0.6233183318331833,model_pca_0.02,0.02,0.3577892849629707,0.42597365377128155
100,10,"[1000, 1000, 1000]",2.5,0.8,11,10,0.46424816224039384,0.464248162240394,0.5609108910891087,model_pca_0.02,0.02,0.28948382928006294,0.38272209257189505
100,10,"[1000, 1000, 1000]",2.5,0.8,12,10,0.46689834126976565,0.4668983412697656,0.5471623162316231,model_pca_0.02,0.02,0.3045167318689786,0.394218094136513
100,10,"[1000, 1000, 1000]",2.5,0.8,13,10,0.4781066815129225,0.47810668151292246,0.5608328832883289,model_pca_0.02,0.02,0.2586198763937654,0.37744774640357365
100,10,"[1000, 1000, 1000]",2.5,0.8,14,10,0.46106087050333294,0.4610608705033329,0.6095349534953495,model_pca_0.02,0.02,0.31574477824247327,0.4038443850248469
100,10,"[1000, 1000, 1000]",2.5,0.8,15,10,0.4669826492498368,0.4669826492498368,0.6026258625862585,model_pca_0.02,0.02,0.31573536847176814,0.39942511245680773
100,10,"[1000, 1000, 1000]",2.5,0.8,17,10,0.4863919300558451,0.486391930055845,0.5972493249324933,model_pca_0.02,0.02,0.35268159787533165,0.4172359996760375
100,10,"[1000, 1000, 1000]",2.5,0.8,16,10,0.45846697698486105,0.45846697698486105,0.5859429942994299,model_pca_0.02,0.02,0.2876909966842762,0.38430193556272896
100,10,"[1000, 1000, 1000]",2.5,0.8,18,10,0.4753782782612818,0.4753782782612819,0.5529480948094809,model_pca_0.02,0.02,0.31498781342821763,0.39733929420246566
100,10,"[1000, 1000, 1000]",2.5,0.8,19,10,0.46692459789459456,0.4669245978945946,0.5545826582658265,model_pca_0.02,0.02,0.2610413438205913,0.37281927524030956
100,10,"[1000, 1000, 1000]",3.0,0.8,0,10,0.4186628461322819,0.4186628461322819,0.5722124212421241,model_pca_0.02,0.02,0.26065567849511273,0.3684252747135509
100,10,"[1000, 1000, 1000]",3.0,0.8,1,10,0.42449289303782173,0.4244928930378218,0.5960180018001798,model_pca_0.02,0.02,0.29030460803475167,0.3832818809347462
100,10,"[1000, 1000, 1000]",3.0,0.8,2,10,0.42937469699774994,0.42937469699775,0.576009600960096,model_pca_0.02,0.02,0.2545722543416223,0.3748137470745376
100,10,"[1000, 1000, 1000]",3.0,0.8,3,10,0.4232907192655679,0.42329071926556794,0.621108910891089,model_pca_0.02,0.02,0.36834583455809594,0.4150476191620301
100,10,"[1000, 1000, 1000]",3.0,0.8,4,10,0.43549902606183927,0.4354990260618393,0.6119375937593758,model_pca_0.02,0.02,0.2862861826495263,0.3939500773882889
100,10,"[1000, 1000, 1000]",3.0,0.8,5,10,0.41733859067366286,0.41733859067366286,0.5487464746474646,model_pca_0.02,0.02,0.23360439619831733,0.35433743956852726
100,10,"[1000, 1000, 1000]",3.0,0.8,6,10,0.43611529551037975,0.43611529551037964,0.5901758175817582,model_pca_0.02,0.02,0.28989256876742264,0.3836583552123613
100,10,"[1000, 1000, 1000]",3.0,0.8,7,10,0.4036368584187436,0.40363685841874364,0.5893069306930693,model_pca_0.02,0.02,0.28347833161821506,0.37540083861923973
100,10,"[1000, 1000, 1000]",3.0,0.8,8,10,0.4393557092741743,0.43935570927417433,0.5777989798979898,model_pca_0.02,0.02,0.30469960133993845,0.388072037215967
100,10,"[1000, 1000, 1000]",3.0,0.8,9,10,0.4160448023175632,0.41604480231756324,0.6073003300330032,model_pca_0.02,0.02,0.34417610962595524,0.39497957951090584
100,10,"[1000, 1000, 1000]",3.0,0.8,10,10,0.4152154025651071,0.41521540256510703,0.6016213621362135,model_pca_0.02,0.02,0.3433520262996829,0.4016876697613803
100,10,"[1000, 1000, 1000]",3.0,0.8,11,10,0.42798259075054884,0.4279825907505489,0.5546870687068706,model_pca_0.02,0.02,0.29605771861650604,0.37542125771814516
100,10,"[1000, 1000, 1000]",3.0,0.8,12,10,0.42290953882644705,0.422909538826447,0.55987398739874,model_pca_0.02,0.02,0.2846025323243817,0.3804076159423803
100,10,"[1000, 1000, 1000]",3.0,0.8,13,10,0.4253482732153174,0.4253482732153173,0.6329888988898889,model_pca_0.02,0.02,0.35268206595333673,0.41892330997892124
100,10,"[1000, 1000, 1000]",3.0,0.8,14,10,0.42229834790312687,0.4222983479031269,0.5757479747974796,model_pca_0.02,0.02,0.2935338188479956,0.3857911196995825
100,10,"[1000, 1000, 1000]",3.0,0.8,15,10,0.4124536732483243,0.4124536732483244,0.5794395439543953,model_pca_0.02,0.02,0.3052871365050318,0.37879326255059736
100,10,"[1000, 1000, 1000]",3.0,0.8,16,10,0.41229955454660444,0.4122995545466044,0.5610357035703569,model_pca_0.02,0.02,0.2622958966169858,0.3739866258623591
100,10,"[1000, 1000, 1000]",3.0,0.8,17,10,0.4169563594772947,0.4169563594772947,0.5868982898289828,model_pca_0.02,0.02,0.29395123884594604,0.3822571651073271
100,10,"[1000, 1000, 1000]",3.0,0.8,18,10,0.4340616232565011,0.4340616232565011,0.5935253525352536,model_pca_0.02,0.02,0.33770060006118846,0.39998469057024016
100,10,"[1000, 1000, 1000]",1.0,0.6,0,10,0.8653405204956118,0.8653405204956119,0.5913435343534352,model_pca_0.02,0.02,0.2551083165202922,0.4389791901209085
100,10,"[1000, 1000, 1000]",1.0,0.6,1,10,0.8729662339614137,0.8729662339614136,0.5909306930693068,model_pca_0.02,0.02,0.24165858966702722,0.4555867786673408
100,10,"[1000, 1000, 1000]",3.0,0.8,19,10,0.4156807633545214,0.41568076335452153,0.5531593159315931,model_pca_0.02,0.02,0.2731155773285069,0.3708647844464904
100,10,"[1000, 1000, 1000]",1.0,0.6,2,10,0.8761195830594689,0.8761195830594688,0.5976765676567656,model_pca_0.02,0.02,0.27533156420512345,0.471323122646014
100,10,"[1000, 1000, 1000]",1.0,0.6,5,10,0.8713809263805169,0.8713809263805169,0.6038703870387038,model_pca_0.02,0.02,0.22197136001169177,0.4371721245889311
100,10,"[1000, 1000, 1000]",1.0,0.6,3,10,0.8764855192447222,0.8764855192447223,0.6193567356735673,model_pca_0.02,0.02,0.3187259778676684,0.4946779607702755
100,10,"[1000, 1000, 1000]",1.0,0.6,4,10,0.8801645959780903,0.8801645959780903,0.6290657065706571,model_pca_0.02,0.02,0.24712375216766228,0.47960224396025075
100,10,"[1000, 1000, 1000]",1.0,0.6,6,10,0.877033379528819,0.8770333795288191,0.5961368136813681,model_pca_0.02,0.02,0.2618612392600848,0.47062239996525707
100,10,"[1000, 1000, 1000]",1.0,0.6,8,10,0.8817787025107063,0.8817787025107064,0.5899801980198018,model_pca_0.02,0.02,0.2784109691266986,0.4692161860491785
100,10,"[1000, 1000, 1000]",1.0,0.6,7,10,0.8663194272898167,0.8663194272898167,0.5506606660666065,model_pca_0.02,0.02,0.21886750116591439,0.41456420242612135
100,10,"[1000, 1000, 1000]",1.0,0.6,10,10,0.8762252138908057,0.8762252138908057,0.5659453945394539,model_pca_0.02,0.02,0.24375848858143873,0.45331212651036434
100,10,"[1000, 1000, 1000]",1.0,0.6,9,10,0.8745011847009625,0.8745011847009626,0.609185718571857,model_pca_0.02,0.02,0.26545915135718956,0.45119993280401055
100,10,"[1000, 1000, 1000]",1.0,0.6,12,10,0.875930212224247,0.875930212224247,0.576243624362436,model_pca_0.02,0.02,0.25291869934446404,0.4633970474283027
100,10,"[1000, 1000, 1000]",1.0,0.6,11,10,0.8803594555383251,0.8803594555383251,0.5838463846384637,model_pca_0.02,0.02,0.23532333271418407,0.4394973970987877
100,10,"[1000, 1000, 1000]",1.0,0.6,13,10,0.879961981119198,0.8799619811191979,0.5610393039303929,model_pca_0.02,0.02,0.21715342869902524,0.43172274476881545
100,10,"[1000, 1000, 1000]",1.0,0.6,14,10,0.872335773036219,0.8723357730362189,0.5929180918091809,model_pca_0.02,0.02,0.22676864271502176,0.4546425265582821
100,10,"[1000, 1000, 1000]",1.0,0.6,15,10,0.8787203370463009,0.8787203370463008,0.6163816381638163,model_pca_0.02,0.02,0.2675591942509553,0.45782033323973487
100,10,"[1000, 1000, 1000]",1.0,0.6,16,10,0.8694413724170585,0.8694413724170585,0.5659441944194419,model_pca_0.02,0.02,0.23011802441786608,0.43310869289663606
100,10,"[1000, 1000, 1000]",1.0,0.6,18,10,0.8771082865728547,0.8771082865728548,0.5336021602160215,model_pca_0.02,0.02,0.2059908465156455,0.4297954640908579
100,10,"[1000, 1000, 1000]",1.0,0.6,17,10,0.8806697860423687,0.8806697860423686,0.5874647464746474,model_pca_0.02,0.02,0.271137437445145,0.47032176450986246
100,10,"[1000, 1000, 1000]",1.0,0.6,19,10,0.8794001056763253,0.8794001056763253,0.5388346834683468,model_pca_0.02,0.02,0.2302857591008488,0.43254133179151477
100,10,"[1000, 1000, 1000]",1.0,0.65,0,10,0.8350625416376515,0.8350625416376516,0.5975157515751575,model_pca_0.02,0.02,0.25725517790196156,0.4432412012539888
100,10,"[1000, 1000, 1000]",1.0,0.65,2,10,0.8441735419784955,0.8441735419784955,0.5927524752475247,model_pca_0.02,0.02,0.2474533427557067,0.4280871286164731
100,10,"[1000, 1000, 1000]",1.0,0.65,1,10,0.8414917361055406,0.8414917361055407,0.5927020702070206,model_pca_0.02,0.02,0.2621771356652251,0.4439089185551813
100,10,"[1000, 1000, 1000]",1.0,0.65,3,10,0.8457509279849383,0.8457509279849383,0.6239579957995799,model_pca_0.02,0.02,0.30479317770998515,0.4629487914760715
100,10,"[1000, 1000, 1000]",1.0,0.65,4,10,0.849749440755906,0.8497494407559059,0.6358691869186919,model_pca_0.02,0.02,0.2828947599129463,0.4738837189019616
100,10,"[1000, 1000, 1000]",1.0,0.65,5,10,0.8473722364209948,0.8473722364209948,0.5951887188718871,model_pca_0.02,0.02,0.2308254242492736,0.42170585893463913
100,10,"[1000, 1000, 1000]",1.0,0.65,6,10,0.8500338665568284,0.8500338665568286,0.5673303330333033,model_pca_0.02,0.02,0.24592088648286406,0.44177209947942075
100,10,"[1000, 1000, 1000]",1.0,0.65,8,10,0.8472929479667831,0.8472929479667832,0.5767656765676568,model_pca_0.02,0.02,0.27003671869563506,0.44297168835404327
100,10,"[1000, 1000, 1000]",1.0,0.65,7,10,0.8328035275735145,0.8328035275735145,0.5407836783678368,model_pca_0.02,0.02,0.20958939828497544,0.4017767380914068
100,10,"[1000, 1000, 1000]",1.0,0.65,9,10,0.8470091668658989,0.847009166865899,0.6007836783678366,model_pca_0.02,0.02,0.30643432579108887,0.4608134781385917
100,10,"[1000, 1000, 1000]",1.0,0.65,10,10,0.8421347154495828,0.8421347154495828,0.6066858685868586,model_pca_0.02,0.02,0.3186904670089257,0.46665529283543455
100,10,"[1000, 1000, 1000]",1.0,0.65,11,10,0.8419594222806626,0.8419594222806626,0.5505262526252624,model_pca_0.02,0.02,0.22537160261916447,0.4088058095213119
100,10,"[1000, 1000, 1000]",1.0,0.65,12,10,0.8414037622148237,0.8414037622148238,0.5774857485748573,model_pca_0.02,0.02,0.28887153855723574,0.4584544149222118
100,10,"[1000, 1000, 1000]",1.0,0.65,13,10,0.8453230829011558,0.8453230829011558,0.5577545754575456,model_pca_0.02,0.02,0.23848097813500316,0.43109347477253196
100,10,"[1000, 1000, 1000]",1.0,0.65,14,10,0.8435446696134403,0.8435446696134403,0.5816873687368737,model_pca_0.02,0.02,0.2672226760950026,0.4517635963905511
100,10,"[1000, 1000, 1000]",1.0,0.65,15,10,0.8441107509135986,0.8441107509135986,0.6422406240624061,model_pca_0.02,0.02,0.3047314861732556,0.47080879064706516
100,10,"[1000, 1000, 1000]",1.0,0.65,16,10,0.8423293139822233,0.8423293139822234,0.6025118511851184,model_pca_0.02,0.02,0.27612193531047796,0.463582165869492
100,10,"[1000, 1000, 1000]",1.0,0.65,17,10,0.8494040054984544,0.8494040054984544,0.611205520552055,model_pca_0.02,0.02,0.29399110503304776,0.47285840377528593
100,10,"[1000, 1000, 1000]",1.0,0.65,18,10,0.84379441305179,0.84379441305179,0.5297809780978098,model_pca_0.02,0.02,0.22618860139492267,0.4168627132381354
100,10,"[1000, 1000, 1000]",1.0,0.65,19,10,0.8387094672665887,0.8387094672665887,0.541928592859286,model_pca_0.02,0.02,0.2250624376636631,0.41508847477969907
100,10,"[1000, 1000, 1000]",1.0,0.7,0,10,0.7981167539492416,0.7981167539492415,0.5621578157815781,model_pca_0.02,0.02,0.24297410127015545,0.4132532725620271
100,10,"[1000, 1000, 1000]",1.0,0.7,1,10,0.8116626616105712,0.8116626616105713,0.5921992199219921,model_pca_0.02,0.02,0.29945582705580986,0.4499945546154506
100,10,"[1000, 1000, 1000]",1.0,0.7,2,10,0.8107985196277793,0.8107985196277794,0.5926024602460245,model_pca_0.02,0.02,0.2668403026884544,0.42111677372857603
100,10,"[1000, 1000, 1000]",1.0,0.7,5,10,0.8022419261565132,0.8022419261565132,0.5672799279927991,model_pca_0.02,0.02,0.2409508946441942,0.3973850699160733
100,10,"[1000, 1000, 1000]",1.0,0.7,3,10,0.8053529379728624,0.8053529379728624,0.636051605160516,model_pca_0.02,0.02,0.3635195328011161,0.4782573343309471
100,10,"[1000, 1000, 1000]",1.0,0.7,4,10,0.8081368313064973,0.8081368313064974,0.640033603360336,model_pca_0.02,0.02,0.320871712279286,0.46738872178552465
100,10,"[1000, 1000, 1000]",1.0,0.7,6,10,0.8068342930930051,0.806834293093005,0.5657641764176418,model_pca_0.02,0.02,0.28025639269919783,0.4278397024219995
100,10,"[1000, 1000, 1000]",1.0,0.7,8,10,0.8083404662869466,0.8083404662869466,0.6150567056705671,model_pca_0.02,0.02,0.3227777611298278,0.44511279018970556
100,10,"[1000, 1000, 1000]",1.0,0.7,7,10,0.7983101062797843,0.7983101062797844,0.5462490249024902,model_pca_0.02,0.02,0.2160586584387058,0.4041379210372161
100,10,"[1000, 1000, 1000]",1.0,0.7,9,10,0.8023537153501427,0.8023537153501427,0.6145670567056706,model_pca_0.02,0.02,0.31791022334718305,0.46521735668864583
100,10,"[1000, 1000, 1000]",1.0,0.7,10,10,0.8083305788800127,0.8083305788800128,0.591019501950195,model_pca_0.02,0.02,0.2983883186586944,0.44071869433477634
100,10,"[1000, 1000, 1000]",1.0,0.7,12,10,0.7978176785448824,0.7978176785448824,0.5919087908790879,model_pca_0.02,0.02,0.3040421823332147,0.44807098639270854
100,10,"[1000, 1000, 1000]",1.0,0.7,11,10,0.8060383018902547,0.8060383018902548,0.5632667266726672,model_pca_0.02,0.02,0.27305524885603266,0.4223722384617275
100,10,"[1000, 1000, 1000]",1.0,0.7,13,10,0.8089250359519613,0.8089250359519613,0.5872151215121512,model_pca_0.02,0.02,0.2596314441596205,0.43050994989081814
100,10,"[1000, 1000, 1000]",1.0,0.7,14,10,0.8021586226277831,0.802158622627783,0.5914695469546956,model_pca_0.02,0.02,0.2813950182076394,0.4373423050669499
100,10,"[1000, 1000, 1000]",1.0,0.7,15,10,0.8062211282996185,0.8062211282996186,0.6294197419741974,model_pca_0.02,0.02,0.3029913981705898,0.45253442212263534
100,10,"[1000, 1000, 1000]",1.0,0.7,17,10,0.8107795583002435,0.8107795583002435,0.6031959195919591,model_pca_0.02,0.02,0.33246399455898307,0.48418157027821557
100,10,"[1000, 1000, 1000]",1.0,0.7,16,10,0.7988264112906923,0.7988264112906923,0.5858601860186019,model_pca_0.02,0.02,0.2653499691226569,0.43299845366306083
100,10,"[1000, 1000, 1000]",1.0,0.7,18,10,0.8077337787138265,0.8077337787138263,0.5378325832583257,model_pca_0.02,0.02,0.2744349612669227,0.42945563592055475
100,10,"[1000, 1000, 1000]",1.0,0.7,19,10,0.801264872128324,0.801264872128324,0.5801968196819681,model_pca_0.02,0.02,0.32000526820828146,0.44983150973952674
100,10,"[1000, 1000, 1000]",1.0,0.75,0,10,0.7333632898092163,0.7333632898092163,0.5828214821482148,model_pca_0.02,0.02,0.2918409272496498,0.41565812868968716
100,10,"[1000, 1000, 1000]",1.0,0.75,1,10,0.7421429399091775,0.7421429399091776,0.5998187818781877,model_pca_0.02,0.02,0.3177723330531857,0.43830677386747724
100,10,"[1000, 1000, 1000]",1.0,0.75,2,10,0.7577149119799489,0.7577149119799489,0.5879243924392438,model_pca_0.02,0.02,0.30743268353796815,0.4329007808305478
100,10,"[1000, 1000, 1000]",1.0,0.75,3,10,0.7527470349724621,0.7527470349724621,0.6113927392739272,model_pca_0.02,0.02,0.3424957223099977,0.4412429302718778
100,10,"[1000, 1000, 1000]",1.0,0.75,5,10,0.7475198857184951,0.747519885718495,0.5610201020102009,model_pca_0.02,0.02,0.26432890793529706,0.4107333804179715
100,10,"[1000, 1000, 1000]",1.0,0.75,4,10,0.759313081594177,0.7593130815941771,0.6497149714971497,model_pca_0.02,0.02,0.35378376045210796,0.4612167790613554
100,10,"[1000, 1000, 1000]",1.0,0.75,6,10,0.7583606470464316,0.7583606470464317,0.5927656765676568,model_pca_0.02,0.02,0.3466478506877261,0.4435327932936994
100,10,"[1000, 1000, 1000]",1.0,0.75,7,10,0.735289585989379,0.7352895859893789,0.5579261926192618,model_pca_0.02,0.02,0.27010356982060435,0.40775237997226876
100,10,"[1000, 1000, 1000]",1.0,0.75,9,10,0.7511414656935704,0.7511414656935703,0.5894485448544854,model_pca_0.02,0.02,0.30258495436992155,0.4413271979736646
100,10,"[1000, 1000, 1000]",1.0,0.75,8,10,0.7443054323207674,0.7443054323207674,0.5964776477647765,model_pca_0.02,0.02,0.34628324700165325,0.4503485121891743
100,10,"[1000, 1000, 1000]",1.0,0.75,10,10,0.7553469827341557,0.7553469827341558,0.6306654665466546,model_pca_0.02,0.02,0.3950359204618482,0.47817090882829094
100,10,"[1000, 1000, 1000]",1.0,0.75,11,10,0.754350054859232,0.7543500548592319,0.5657425742574257,model_pca_0.02,0.02,0.31683325289961217,0.42122282451763027
100,10,"[1000, 1000, 1000]",1.0,0.75,13,10,0.749400002086043,0.749400002086043,0.5836411641164115,model_pca_0.02,0.02,0.3124611222427341,0.44055643165880415
100,10,"[1000, 1000, 1000]",1.0,0.75,12,10,0.7464221243352215,0.7464221243352214,0.5851245124512451,model_pca_0.02,0.02,0.3433819213966892,0.4373669851542967
100,10,"[1000, 1000, 1000]",1.0,0.75,14,10,0.7481293311842881,0.7481293311842883,0.5989222922292228,model_pca_0.02,0.02,0.3098775781455135,0.4500575351190935
100,10,"[1000, 1000, 1000]",1.0,0.75,15,10,0.7477534921561917,0.7477534921561917,0.607159915991599,model_pca_0.02,0.02,0.31087504672397487,0.43330961921838446
100,10,"[1000, 1000, 1000]",1.0,0.75,16,10,0.7370605823888093,0.7370605823888093,0.6093189318931892,model_pca_0.02,0.02,0.28745030889663375,0.43248208546216027
100,10,"[1000, 1000, 1000]",1.0,0.75,17,10,0.7583280298392059,0.7583280298392059,0.5841980198019802,model_pca_0.02,0.02,0.29892581216272845,0.4343832956521212
100,10,"[1000, 1000, 1000]",1.0,0.75,18,10,0.7570584316287539,0.7570584316287539,0.5474167416741673,model_pca_0.02,0.02,0.3086005437249526,0.43043295540039067
100,10,"[1000, 1000, 1000]",1.0,0.75,19,10,0.7612382302593524,0.7612382302593524,0.5611053105310532,model_pca_0.02,0.02,0.3035972069972782,0.4114305500445507
100,10,"[1000, 1000, 1000]",1.0,0.85,1,10,0.5849923762858596,0.5849923762858595,0.5684608460846083,model_pca_0.02,0.02,0.3648351979290702,0.40046183399571134
100,10,"[1000, 1000, 1000]",1.0,0.85,0,10,0.5939086629579519,0.5939086629579517,0.6073159315931592,model_pca_0.02,0.02,0.373990104423649,0.40701726282976247
100,10,"[1000, 1000, 1000]",1.0,0.85,2,10,0.5827728407842647,0.5827728407842647,0.5550087008700869,model_pca_0.02,0.02,0.2720076420148106,0.3737556393984482
100,10,"[1000, 1000, 1000]",1.0,0.85,3,10,0.5911854429708591,0.5911854429708592,0.6131641164116411,model_pca_0.02,0.02,0.3518611702556973,0.4128182578844783
100,10,"[1000, 1000, 1000]",1.0,0.85,4,10,0.5860562897944589,0.5860562897944588,0.6069954995499549,model_pca_0.02,0.02,0.36746065014870766,0.40507697818458754
100,10,"[1000, 1000, 1000]",1.0,0.85,5,10,0.581321545300332,0.581321545300332,0.5736585658565856,model_pca_0.02,0.02,0.31654553094926113,0.37657011198995605
100,10,"[1000, 1000, 1000]",1.0,0.85,6,10,0.5982094639938267,0.5982094639938267,0.5678919891989198,model_pca_0.02,0.02,0.3555508394398139,0.40641212938888344
100,10,"[1000, 1000, 1000]",1.0,0.85,7,10,0.5742360938000481,0.5742360938000481,0.5631899189918991,model_pca_0.02,0.02,0.29543184007166967,0.38391203599761503
100,10,"[1000, 1000, 1000]",1.0,0.85,9,10,0.5959378175471856,0.5959378175471854,0.6243816381638163,model_pca_0.02,0.02,0.38201855385714645,0.42246401804037614
100,10,"[1000, 1000, 1000]",1.0,0.85,8,10,0.5953337373064577,0.5953337373064577,0.5514923492349235,model_pca_0.02,0.02,0.2966332579717562,0.39354546195532875
100,10,"[1000, 1000, 1000]",1.0,0.85,10,10,0.5912189837793623,0.5912189837793624,0.6824506450645064,model_pca_0.02,0.02,0.4899007970631782,0.45199626108874097
100,10,"[1000, 1000, 1000]",1.0,0.85,11,10,0.5837343654722426,0.5837343654722427,0.5552667266726672,model_pca_0.02,0.02,0.3326917433433832,0.38467352249843767
100,10,"[1000, 1000, 1000]",1.0,0.85,12,10,0.5922429853183792,0.5922429853183793,0.5733801380138014,model_pca_0.02,0.02,0.29572595133780666,0.39441780519229674
100,10,"[1000, 1000, 1000]",1.0,0.85,13,10,0.5922703020114781,0.5922703020114781,0.576050405040504,model_pca_0.02,0.02,0.3804323492220677,0.41113637693727906
100,10,"[1000, 1000, 1000]",1.0,0.85,15,10,0.5871880692952789,0.5871880692952789,0.6322148214821481,model_pca_0.02,0.02,0.3778057245304007,0.4198001124474128
100,10,"[1000, 1000, 1000]",1.0,0.85,14,10,0.5786056918965004,0.5786056918965004,0.5709654965496548,model_pca_0.02,0.02,0.3238803946936771,0.39808487214383564
100,10,"[1000, 1000, 1000]",1.0,0.85,16,10,0.598708328858251,0.5987083288582509,0.5572241224122412,model_pca_0.02,0.02,0.33063093139072675,0.3963321111706754
100,10,"[1000, 1000, 1000]",1.0,0.85,17,10,0.591273823699246,0.591273823699246,0.6278499849984998,model_pca_0.02,0.02,0.3918840737449102,0.4187168668678087
100,10,"[1000, 1000, 1000]",1.0,0.85,19,10,0.5845614777140314,0.5845614777140316,0.5426306630663065,model_pca_0.02,0.02,0.3221197352815794,0.39156324353219024
100,10,"[1000, 1000, 1000]",1.0,0.85,18,10,0.5864881058279829,0.5864881058279829,0.5334425442544254,model_pca_0.02,0.02,0.3133220713975209,0.38702636877819213
